R_version	name	version	date_time	hash	binary_location	status
4.2.2	abind	1.4.5	2023-04-18T16:20:55Z	03effa1c6746e91547e1cab8e8a8be90	C:/Users/jafa05/Documents/ds_2023/ds_2023/r_4_2_cache/library/abind/1.4-5/03effa1c6746e91547e1cab8e8a8be90/abind	available
4.2.2	affy	1.76.0	2023-04-18T16:20:55Z	2873ea5c3b1071adfa269954f0f80625	C:/Users/jafa05/Documents/ds_2023/ds_2023/r_4_2_cache/library/affy/1.76.0/2873ea5c3b1071adfa269954f0f80625/affy	available
4.2.2	affyio	1.68.0	2023-04-18T16:20:55Z	eccac63f99a89ff8577d08c65f10bbec	C:/Users/jafa05/Documents/ds_2023/ds_2023/r_4_2_cache/library/affyio/1.68.0/eccac63f99a89ff8577d08c65f10bbec/affyio	available
4.2.2	airway	1.18.0	2023-04-18T16:20:56Z	54057a1b7fccb14fb2877cf0b51cceb2	C:/Users/jafa05/Documents/ds_2023/ds_2023/r_4_2_cache/library/airway/1.18.0/54057a1b7fccb14fb2877cf0b51cceb2/airway	available
4.2.2	annotate	1.76.0	2023-04-18T16:20:56Z	4e5ab7f47b4d53c3369674a63b40c412	C:/Users/jafa05/Documents/ds_2023/ds_2023/r_4_2_cache/library/annotate/1.76.0/4e5ab7f47b4d53c3369674a63b40c412/annotate	available
4.2.2	AnnotationDbi	1.60.0	2023-04-18T16:20:56Z	3d12177ee89010c71ac4e733a2cace43	C:/Users/jafa05/Documents/ds_2023/ds_2023/r_4_2_cache/library/AnnotationDbi/1.60.0/3d12177ee89010c71ac4e733a2cace43/AnnotationDbi	available
4.2.2	AnnotationFilter	1.22.0	2023-04-18T16:20:57Z	ec46ef7f84a530c773780870352a4474	C:/Users/jafa05/Documents/ds_2023/ds_2023/r_4_2_cache/library/AnnotationFilter/1.22.0/ec46ef7f84a530c773780870352a4474/AnnotationFilter	available
4.2.2	AnnotationForge	1.40.0	2023-04-18T16:20:57Z	e5f4a1592f63e125d4ae0e002ab58997	C:/Users/jafa05/Documents/ds_2023/ds_2023/r_4_2_cache/library/AnnotationForge/1.40.0/e5f4a1592f63e125d4ae0e002ab58997/AnnotationForge	available
4.2.2	AnnotationHub	3.6.0	2023-04-18T16:20:59Z	58836b2c4ac15ece1a62632b0d9fbf76	C:/Users/jafa05/Documents/ds_2023/ds_2023/r_4_2_cache/library/AnnotationHub/3.6.0/58836b2c4ac15ece1a62632b0d9fbf76/AnnotationHub	available
4.2.2	apeglm	1.20.0	2023-04-18T16:20:59Z	ca0935209c4cbdc97bad281bbeb76e7e	C:/Users/jafa05/Documents/ds_2023/ds_2023/r_4_2_cache/library/apeglm/1.20.0/ca0935209c4cbdc97bad281bbeb76e7e/apeglm	available
4.2.2	aroma.light	3.28.0	2023-04-18T16:20:59Z	90bc4e76fb89ee91e2c18aceaaeefd22	C:/Users/jafa05/Documents/ds_2023/ds_2023/r_4_2_cache/library/aroma.light/3.28.0/90bc4e76fb89ee91e2c18aceaaeefd22/aroma.light	available
4.2.2	ashr	2.2.54	2023-04-18T16:21:00Z	0451f8ea27ade418781b192348d84165	C:/Users/jafa05/Documents/ds_2023/ds_2023/r_4_2_cache/library/ashr/2.2-54/0451f8ea27ade418781b192348d84165/ashr	available
4.2.2	askpass	1.1	2023-04-18T16:21:00Z	7d9365d6cac04013b561b12688e6c0a9	C:/Users/jafa05/Documents/ds_2023/ds_2023/r_4_2_cache/library/askpass/1.1/7d9365d6cac04013b561b12688e6c0a9/askpass	available
4.2.2	assertthat	0.2.1	2023-04-18T16:21:00Z	5d26d2abb7f70d033277efa3c17a807e	C:/Users/jafa05/Documents/ds_2023/ds_2023/r_4_2_cache/library/assertthat/0.2.1/5d26d2abb7f70d033277efa3c17a807e/assertthat	available
4.2.2	backports	1.4.1	2023-04-18T16:21:00Z	e06c76792dd23292735020a1e01eee10	C:/Users/jafa05/Documents/ds_2023/ds_2023/r_4_2_cache/library/backports/1.4.1/e06c76792dd23292735020a1e01eee10/backports	available
4.2.2	base	4.2.2	2023-04-18T16:21:00Z	51e3f2ab3a6bf7938e7854ca363c0c73	C:/Users/jafa05/Documents/ds_2023/ds_2023/r_4_2_cache/library/base/4.2.2/51e3f2ab3a6bf7938e7854ca363c0c73/base	base
4.2.2	base64enc	0.1.3	2023-04-18T16:21:01Z	609b334902243e8df6fd0de6e7bc77d4	C:/Users/jafa05/Documents/ds_2023/ds_2023/r_4_2_cache/library/base64enc/0.1-3/609b334902243e8df6fd0de6e7bc77d4/base64enc	available
4.2.2	bbmle	1.0.25	2023-04-18T16:21:01Z	84274a3a036f2c72ab37670633f266f5	C:/Users/jafa05/Documents/ds_2023/ds_2023/r_4_2_cache/library/bbmle/1.0.25/84274a3a036f2c72ab37670633f266f5/bbmle	available
4.2.2	bdsmatrix	1.3.6	2023-04-18T16:21:01Z	7b6ad403727512a07a2aa6aea3018d77	C:/Users/jafa05/Documents/ds_2023/ds_2023/r_4_2_cache/library/bdsmatrix/1.3-6/7b6ad403727512a07a2aa6aea3018d77/bdsmatrix	available
4.2.2	beeswarm	0.4.0	2023-04-18T16:21:01Z	dc2806235ec7c00c79006ddc388acac3	C:/Users/jafa05/Documents/ds_2023/ds_2023/r_4_2_cache/library/beeswarm/0.4.0/dc2806235ec7c00c79006ddc388acac3/beeswarm	available
4.2.2	BH	1.78.0.0	2023-04-18T16:21:14Z	26cfd15a760a15819d081bcd6c9dcebd	C:/Users/jafa05/Documents/ds_2023/ds_2023/r_4_2_cache/library/BH/1.78.0-0/26cfd15a760a15819d081bcd6c9dcebd/BH	available
4.2.2	Biobase	2.58.0	2023-04-18T16:21:51Z	03c578d87a9f232916fcf54689e26bd6	C:/Users/jafa05/Documents/ds_2023/ds_2023/r_4_2_cache/library/Biobase/2.58.0/03c578d87a9f232916fcf54689e26bd6/Biobase	available
4.2.2	BiocFileCache	2.6.0	2023-04-18T16:21:52Z	8c8974114e433ba35de48df758c2a773	C:/Users/jafa05/Documents/ds_2023/ds_2023/r_4_2_cache/library/BiocFileCache/2.6.0/8c8974114e433ba35de48df758c2a773/BiocFileCache	available
4.2.2	BiocGenerics	0.44.0	2023-04-18T16:21:52Z	3050624e43645de018edd91b9787eaeb	C:/Users/jafa05/Documents/ds_2023/ds_2023/r_4_2_cache/library/BiocGenerics/0.44.0/3050624e43645de018edd91b9787eaeb/BiocGenerics	available
4.2.2	BiocIO	1.8.0	2023-04-18T16:21:52Z	6b46e880d93f939a11e5a346cc3bca00	C:/Users/jafa05/Documents/ds_2023/ds_2023/r_4_2_cache/library/BiocIO/1.8.0/6b46e880d93f939a11e5a346cc3bca00/BiocIO	available
4.2.2	BiocManager	1.30.19	2023-04-18T16:21:52Z	01f50245fe90821db2d016aa6120bde7	C:/Users/jafa05/Documents/ds_2023/ds_2023/r_4_2_cache/library/BiocManager/1.30.19/01f50245fe90821db2d016aa6120bde7/BiocManager	available
4.2.2	BiocParallel	1.32.5	2023-04-18T16:21:52Z	0f57a85eae9822119a9c919a2b15050f	C:/Users/jafa05/Documents/ds_2023/ds_2023/r_4_2_cache/library/BiocParallel/1.32.5/0f57a85eae9822119a9c919a2b15050f/BiocParallel	available
4.2.2	BiocStyle	2.26.0	2023-04-18T16:21:53Z	aea12e746875497189cb0a420b377fa8	C:/Users/jafa05/Documents/ds_2023/ds_2023/r_4_2_cache/library/BiocStyle/2.26.0/aea12e746875497189cb0a420b377fa8/BiocStyle	available
4.2.2	BiocVersion	3.16.0	2023-04-18T16:21:53Z	ab6a9b4bb38749dde59262360886fe08	C:/Users/jafa05/Documents/ds_2023/ds_2023/r_4_2_cache/library/BiocVersion/3.16.0/ab6a9b4bb38749dde59262360886fe08/BiocVersion	available
4.2.2	biomaRt	2.54.0	2023-04-18T16:21:53Z	a0cc5a20872bf983393d89c74ab8093e	C:/Users/jafa05/Documents/ds_2023/ds_2023/r_4_2_cache/library/biomaRt/2.54.0/a0cc5a20872bf983393d89c74ab8093e/biomaRt	available
4.2.2	Biostrings	2.66.0	2023-04-18T16:21:53Z	a34681d4baa0d2969e9fc990127a5a60	C:/Users/jafa05/Documents/ds_2023/ds_2023/r_4_2_cache/library/Biostrings/2.66.0/a34681d4baa0d2969e9fc990127a5a60/Biostrings	available
4.2.2	biovizBase	1.46.0	2023-04-18T16:21:54Z	cb7f5456fe137624fce3ccdd13d63c32	C:/Users/jafa05/Documents/ds_2023/ds_2023/r_4_2_cache/library/biovizBase/1.46.0/cb7f5456fe137624fce3ccdd13d63c32/biovizBase	available
4.2.2	bit	4.0.5	2023-04-18T16:21:54Z	371a0b733af9c77c451fac57de2709ec	C:/Users/jafa05/Documents/ds_2023/ds_2023/r_4_2_cache/library/bit/4.0.5/371a0b733af9c77c451fac57de2709ec/bit	available
4.2.2	bit64	4.0.5	2023-04-18T16:21:54Z	6561e1ed800eccf1f937e616131b540e	C:/Users/jafa05/Documents/ds_2023/ds_2023/r_4_2_cache/library/bit64/4.0.5/6561e1ed800eccf1f937e616131b540e/bit64	available
4.2.2	bitops	1.0.7	2023-04-18T16:21:54Z	91317c5aec89095023622d6c9a11099d	C:/Users/jafa05/Documents/ds_2023/ds_2023/r_4_2_cache/library/bitops/1.0-7/91317c5aec89095023622d6c9a11099d/bitops	available
4.2.2	blaseRtemplates	0.0.0.9194	2023-04-18T16:21:55Z	3bf5d32552a8d9e756698edfc0d91dad	C:/Users/jafa05/Documents/ds_2023/ds_2023/r_4_2_cache/library/blaseRtemplates/0.0.0.9194/3bf5d32552a8d9e756698edfc0d91dad/blaseRtemplates	active
4.2.2	blob	1.2.3	2023-04-18T16:21:55Z	2f689b0bb1080db5fa7b617c61335493	C:/Users/jafa05/Documents/ds_2023/ds_2023/r_4_2_cache/library/blob/1.2.3/2f689b0bb1080db5fa7b617c61335493/blob	available
4.2.2	bookdown	0.31	2023-04-18T16:21:55Z	7a566a93ad8837088b9e28d05a4c87e6	C:/Users/jafa05/Documents/ds_2023/ds_2023/r_4_2_cache/library/bookdown/0.31/7a566a93ad8837088b9e28d05a4c87e6/bookdown	available
4.2.2	boot	1.3.28	2023-04-18T16:21:55Z	06389bfb04f577cde4e0c06f042a22b4	C:/Users/jafa05/Documents/ds_2023/ds_2023/r_4_2_cache/library/boot/1.3-28/06389bfb04f577cde4e0c06f042a22b4/boot	available
4.2.2	brew	1.0.8	2023-04-18T16:21:56Z	673350ab4d7a0066efe48ade3e027586	C:/Users/jafa05/Documents/ds_2023/ds_2023/r_4_2_cache/library/brew/1.0-8/673350ab4d7a0066efe48ade3e027586/brew	available
4.2.2	brio	1.1.3	2023-04-18T16:21:56Z	406e85457f1ceaf124d91c8e7c7e1da2	C:/Users/jafa05/Documents/ds_2023/ds_2023/r_4_2_cache/library/brio/1.1.3/406e85457f1ceaf124d91c8e7c7e1da2/brio	available
4.2.2	broom	1.0.2	2023-04-18T16:21:56Z	81cfdf400f65f02c2dfb6d6a7337f29f	C:/Users/jafa05/Documents/ds_2023/ds_2023/r_4_2_cache/library/broom/1.0.2/81cfdf400f65f02c2dfb6d6a7337f29f/broom	available
4.2.2	BSgenome	1.66.2	2023-04-18T16:21:56Z	c9057ff84da95d12b65fa234f273099a	C:/Users/jafa05/Documents/ds_2023/ds_2023/r_4_2_cache/library/BSgenome/1.66.2/c9057ff84da95d12b65fa234f273099a/BSgenome	available
4.2.2	bslib	0.4.2	2023-04-18T16:21:58Z	047b74bdce38a577662f7988400d7b86	C:/Users/jafa05/Documents/ds_2023/ds_2023/r_4_2_cache/library/bslib/0.4.2/047b74bdce38a577662f7988400d7b86/bslib	available
4.2.2	cachem	1.0.6	2023-04-18T16:22:00Z	b565f3aed3855b6b9ea508ca68202d28	C:/Users/jafa05/Documents/ds_2023/ds_2023/r_4_2_cache/library/cachem/1.0.6/b565f3aed3855b6b9ea508ca68202d28/cachem	available
4.2.2	callr	3.7.3	2023-04-18T16:22:00Z	48a52435abd7914f7472291e4be29cd7	C:/Users/jafa05/Documents/ds_2023/ds_2023/r_4_2_cache/library/callr/3.7.3/48a52435abd7914f7472291e4be29cd7/callr	available
4.2.2	car	3.1.1	2023-04-18T16:22:01Z	70a9cbfa0dbfdc6f0be793c1c6387892	C:/Users/jafa05/Documents/ds_2023/ds_2023/r_4_2_cache/library/car/3.1-1/70a9cbfa0dbfdc6f0be793c1c6387892/car	available
4.2.2	carData	3.0.5	2023-04-18T16:22:01Z	3f273ca80d0face20cb870e4c83b0112	C:/Users/jafa05/Documents/ds_2023/ds_2023/r_4_2_cache/library/carData/3.0-5/3f273ca80d0face20cb870e4c83b0112/carData	available
4.2.2	Category	2.64.0	2023-04-18T16:22:01Z	9b71098b5c4d5e375eb2ad247554f3b7	C:/Users/jafa05/Documents/ds_2023/ds_2023/r_4_2_cache/library/Category/2.64.0/9b71098b5c4d5e375eb2ad247554f3b7/Category	available
4.2.2	cellranger	1.1.0	2023-04-18T16:22:01Z	0115ac534353e25ef22628a40435c4d8	C:/Users/jafa05/Documents/ds_2023/ds_2023/r_4_2_cache/library/cellranger/1.1.0/0115ac534353e25ef22628a40435c4d8/cellranger	available
4.2.2	checkmate	2.1.0	2023-04-18T16:22:01Z	83244b9051ed98b44d62cdcbdfc03949	C:/Users/jafa05/Documents/ds_2023/ds_2023/r_4_2_cache/library/checkmate/2.1.0/83244b9051ed98b44d62cdcbdfc03949/checkmate	available
4.2.2	class	7.3.20	2023-04-18T16:22:01Z	257a0023fd7205addb2cf726f7227801	C:/Users/jafa05/Documents/ds_2023/ds_2023/r_4_2_cache/library/class/7.3-20/257a0023fd7205addb2cf726f7227801/class	available
4.2.2	cli	3.4.1	2023-04-18T16:22:02Z	e5aa0adaeff4dabcff3c156d4a35ded3	C:/Users/jafa05/Documents/ds_2023/ds_2023/r_4_2_cache/library/cli/3.4.1/e5aa0adaeff4dabcff3c156d4a35ded3/cli	available
4.2.2	clipr	0.8.0	2023-04-18T16:22:02Z	d5c4535c6954b97a965cfbbd95aeabd5	C:/Users/jafa05/Documents/ds_2023/ds_2023/r_4_2_cache/library/clipr/0.8.0/d5c4535c6954b97a965cfbbd95aeabd5/clipr	available
4.2.2	cluster	2.1.4	2023-04-18T16:22:02Z	0bcf167fbe11f9014c29df7737b9f1ff	C:/Users/jafa05/Documents/ds_2023/ds_2023/r_4_2_cache/library/cluster/2.1.4/0bcf167fbe11f9014c29df7737b9f1ff/cluster	available
4.2.2	coda	0.19.4	2023-04-18T16:22:03Z	d21410a536daaaa1b60196725b7313a3	C:/Users/jafa05/Documents/ds_2023/ds_2023/r_4_2_cache/library/coda/0.19-4/d21410a536daaaa1b60196725b7313a3/coda	available
4.2.2	codetools	0.2.18	2023-04-18T16:22:03Z	0e2bee268fdb2c60a097f3561699a4f3	C:/Users/jafa05/Documents/ds_2023/ds_2023/r_4_2_cache/library/codetools/0.2-18/0e2bee268fdb2c60a097f3561699a4f3/codetools	available
4.2.2	colorspace	2.0.3	2023-04-18T16:22:03Z	b0f4b63188439cd24a316df3904e9941	C:/Users/jafa05/Documents/ds_2023/ds_2023/r_4_2_cache/library/colorspace/2.0-3/b0f4b63188439cd24a316df3904e9941/colorspace	available
4.2.2	commonmark	1.8.1	2023-04-18T16:22:04Z	097be335326f9a04950332005a8f664d	C:/Users/jafa05/Documents/ds_2023/ds_2023/r_4_2_cache/library/commonmark/1.8.1/097be335326f9a04950332005a8f664d/commonmark	available
4.2.2	compiler	4.2.2	2023-04-18T16:22:04Z	9a093c53af3c87a149625bfc4f7b10b4	C:/Users/jafa05/Documents/ds_2023/ds_2023/r_4_2_cache/library/compiler/4.2.2/9a093c53af3c87a149625bfc4f7b10b4/compiler	base
4.2.2	corrplot	0.92	2023-04-18T16:22:04Z	d8ac409ff8ca3235fa227c853f852dde	C:/Users/jafa05/Documents/ds_2023/ds_2023/r_4_2_cache/library/corrplot/0.92/d8ac409ff8ca3235fa227c853f852dde/corrplot	available
4.2.2	cowplot	1.1.1	2023-04-18T16:22:04Z	a4f58983d7e8bf1f05dea2001e7ad31c	C:/Users/jafa05/Documents/ds_2023/ds_2023/r_4_2_cache/library/cowplot/1.1.1/a4f58983d7e8bf1f05dea2001e7ad31c/cowplot	available
4.2.2	cpp11	0.4.3	2023-04-18T16:22:05Z	b38ef8ffff112d2fffb746584c89a02b	C:/Users/jafa05/Documents/ds_2023/ds_2023/r_4_2_cache/library/cpp11/0.4.3/b38ef8ffff112d2fffb746584c89a02b/cpp11	available
4.2.2	crayon	1.5.2	2023-04-18T16:22:05Z	3458b1a1449095c7d8e6bc2c7b315086	C:/Users/jafa05/Documents/ds_2023/ds_2023/r_4_2_cache/library/crayon/1.5.2/3458b1a1449095c7d8e6bc2c7b315086/crayon	available
4.2.2	credentials	1.3.2	2023-04-18T16:22:05Z	af54342d1b92f0272be6853fbc71ec53	C:/Users/jafa05/Documents/ds_2023/ds_2023/r_4_2_cache/library/credentials/1.3.2/af54342d1b92f0272be6853fbc71ec53/credentials	available
4.2.2	crosstalk	1.2.0	2023-04-18T16:22:05Z	3dde9d85b9e05df0580b662334c72541	C:/Users/jafa05/Documents/ds_2023/ds_2023/r_4_2_cache/library/crosstalk/1.2.0/3dde9d85b9e05df0580b662334c72541/crosstalk	available
4.2.2	curl	4.3.3	2023-04-18T16:22:05Z	0ac66863fa080010640585bde75c354d	C:/Users/jafa05/Documents/ds_2023/ds_2023/r_4_2_cache/library/curl/4.3.3/0ac66863fa080010640585bde75c354d/curl	available
4.2.2	data.table	1.14.6	2023-04-18T16:22:06Z	5c66a69c84696095483c0b44870a0446	C:/Users/jafa05/Documents/ds_2023/ds_2023/r_4_2_cache/library/data.table/1.14.6/5c66a69c84696095483c0b44870a0446/data.table	available
4.2.2	datasets	4.2.2	2023-04-18T16:22:06Z	8b8712fc090b676fe7189499818f044a	C:/Users/jafa05/Documents/ds_2023/ds_2023/r_4_2_cache/library/datasets/4.2.2/8b8712fc090b676fe7189499818f044a/datasets	base
4.2.2	DBI	1.1.3	2023-04-18T16:22:06Z	74e161d72a4ec4027193ed66af66438f	C:/Users/jafa05/Documents/ds_2023/ds_2023/r_4_2_cache/library/DBI/1.1.3/74e161d72a4ec4027193ed66af66438f/DBI	available
4.2.2	dbplyr	2.2.1	2023-04-18T16:22:07Z	85b574cc697692e8063dfc73244e09d2	C:/Users/jafa05/Documents/ds_2023/ds_2023/r_4_2_cache/library/dbplyr/2.2.1/85b574cc697692e8063dfc73244e09d2/dbplyr	available
4.2.2	DelayedArray	0.23.2	2023-04-18T16:22:07Z	7a7c6274d3d0c48bc7e16ee35e76b440	C:/Users/jafa05/Documents/ds_2023/ds_2023/r_4_2_cache/library/DelayedArray/0.23.2/7a7c6274d3d0c48bc7e16ee35e76b440/DelayedArray	available
4.2.2	deldir	1.0.6	2023-04-18T16:22:07Z	29176deb42a105de35d342f068ae1396	C:/Users/jafa05/Documents/ds_2023/ds_2023/r_4_2_cache/library/deldir/1.0-6/29176deb42a105de35d342f068ae1396/deldir	available
4.2.2	desc	1.4.2	2023-04-18T16:22:08Z	fbaee2a309ed9d8046ec6f14e98cabd5	C:/Users/jafa05/Documents/ds_2023/ds_2023/r_4_2_cache/library/desc/1.4.2/fbaee2a309ed9d8046ec6f14e98cabd5/desc	available
4.2.2	DESeq2	1.38.2	2023-04-18T16:22:08Z	59d6c7d1f6ea75235315eaffc3c7c85c	C:/Users/jafa05/Documents/ds_2023/ds_2023/r_4_2_cache/library/DESeq2/1.38.2/59d6c7d1f6ea75235315eaffc3c7c85c/DESeq2	available
4.2.2	devtools	2.4.5	2023-04-18T16:22:08Z	0647084a99a0828aa6b5103dcf2a27c5	C:/Users/jafa05/Documents/ds_2023/ds_2023/r_4_2_cache/library/devtools/2.4.5/0647084a99a0828aa6b5103dcf2a27c5/devtools	available
4.2.2	dichromat	2.0.0.1	2023-04-18T16:22:08Z	a55ff9c9329a33decdadbf41fae94aad	C:/Users/jafa05/Documents/ds_2023/ds_2023/r_4_2_cache/library/dichromat/2.0-0.1/a55ff9c9329a33decdadbf41fae94aad/dichromat	available
4.2.2	diffobj	0.3.5	2023-04-18T16:22:08Z	98cff2b98c9cf1a68699ba51ce551e74	C:/Users/jafa05/Documents/ds_2023/ds_2023/r_4_2_cache/library/diffobj/0.3.5/98cff2b98c9cf1a68699ba51ce551e74/diffobj	available
4.2.2	digest	0.6.30	2023-04-18T16:22:09Z	a4ae878ba4d2f880e6b7d63dcfdb057b	C:/Users/jafa05/Documents/ds_2023/ds_2023/r_4_2_cache/library/digest/0.6.30/a4ae878ba4d2f880e6b7d63dcfdb057b/digest	available
4.2.2	downlit	0.4.2	2023-04-18T16:22:09Z	bb0e98d204810af4267a4e973c905c51	C:/Users/jafa05/Documents/ds_2023/ds_2023/r_4_2_cache/library/downlit/0.4.2/bb0e98d204810af4267a4e973c905c51/downlit	available
4.2.2	dplyr	1.0.10	2023-04-18T16:22:09Z	723ae21752bb021c4cba15c4d1d22d31	C:/Users/jafa05/Documents/ds_2023/ds_2023/r_4_2_cache/library/dplyr/1.0.10/723ae21752bb021c4cba15c4d1d22d31/dplyr	available
4.2.2	DT	0.26	2023-04-18T16:22:10Z	2743457909cf40d47da160b078a3d443	C:/Users/jafa05/Documents/ds_2023/ds_2023/r_4_2_cache/library/DT/0.26/2743457909cf40d47da160b078a3d443/DT	available
4.2.2	dtplyr	1.2.2	2023-04-18T16:22:11Z	4ff3be2daf5d36ef0285325a1b6e5b88	C:/Users/jafa05/Documents/ds_2023/ds_2023/r_4_2_cache/library/dtplyr/1.2.2/4ff3be2daf5d36ef0285325a1b6e5b88/dtplyr	available
4.2.2	EDASeq	2.32.0	2023-04-18T16:22:11Z	8848d349843c2096d75c8796767e109e	C:/Users/jafa05/Documents/ds_2023/ds_2023/r_4_2_cache/library/EDASeq/2.32.0/8848d349843c2096d75c8796767e109e/EDASeq	available
4.2.2	edgeR	3.40.1	2023-04-18T16:22:11Z	c495da3bac6f0790a76eca13d92aa789	C:/Users/jafa05/Documents/ds_2023/ds_2023/r_4_2_cache/library/edgeR/3.40.1/c495da3bac6f0790a76eca13d92aa789/edgeR	available
4.2.2	ellipsis	0.3.2	2023-04-18T16:22:12Z	b254e36e22ec4a00d5b0156f5f5932b6	C:/Users/jafa05/Documents/ds_2023/ds_2023/r_4_2_cache/library/ellipsis/0.3.2/b254e36e22ec4a00d5b0156f5f5932b6/ellipsis	available
4.2.2	emdbook	1.3.12	2023-04-18T16:22:12Z	7862da2693b80103d54a2e134476954f	C:/Users/jafa05/Documents/ds_2023/ds_2023/r_4_2_cache/library/emdbook/1.3.12/7862da2693b80103d54a2e134476954f/emdbook	available
4.2.2	EnhancedVolcano	1.16.0	2023-04-18T16:22:12Z	a8c281726d82043ba4191d2f77e6511b	C:/Users/jafa05/Documents/ds_2023/ds_2023/r_4_2_cache/library/EnhancedVolcano/1.16.0/a8c281726d82043ba4191d2f77e6511b/EnhancedVolcano	available
4.2.2	enrichR	3.1	2023-04-18T16:22:12Z	380527242e76ff14c3e58a686526c50b	C:/Users/jafa05/Documents/ds_2023/ds_2023/r_4_2_cache/library/enrichR/3.1/380527242e76ff14c3e58a686526c50b/enrichR	available
4.2.2	ensembldb	2.22.0	2023-04-18T16:22:12Z	dcfd9104258a2d2838a69de862b2f07f	C:/Users/jafa05/Documents/ds_2023/ds_2023/r_4_2_cache/library/ensembldb/2.22.0/dcfd9104258a2d2838a69de862b2f07f/ensembldb	available
4.2.2	etrunct	0.1	2023-04-18T16:22:13Z	a22e1149a10c73f6b7572b480d4784f3	C:/Users/jafa05/Documents/ds_2023/ds_2023/r_4_2_cache/library/etrunct/0.1/a22e1149a10c73f6b7572b480d4784f3/etrunct	available
4.2.2	evaluate	0.19	2023-04-18T16:22:13Z	4906782aa8f4f9d2e111aee129c5101f	C:/Users/jafa05/Documents/ds_2023/ds_2023/r_4_2_cache/library/evaluate/0.19/4906782aa8f4f9d2e111aee129c5101f/evaluate	available
4.2.2	fansi	1.0.3	2023-04-18T16:22:13Z	2a2e296147879506a9afce7dc5c084a7	C:/Users/jafa05/Documents/ds_2023/ds_2023/r_4_2_cache/library/fansi/1.0.3/2a2e296147879506a9afce7dc5c084a7/fansi	available
4.2.2	farver	2.1.1	2023-04-18T16:22:13Z	1bfeb113ded2160d1153c8db77c71e2d	C:/Users/jafa05/Documents/ds_2023/ds_2023/r_4_2_cache/library/farver/2.1.1/1bfeb113ded2160d1153c8db77c71e2d/farver	available
4.2.2	fastmap	1.1.0	2023-04-18T16:22:13Z	0a4c020e9d6a10e4850fb8cdb7635b4a	C:/Users/jafa05/Documents/ds_2023/ds_2023/r_4_2_cache/library/fastmap/1.1.0/0a4c020e9d6a10e4850fb8cdb7635b4a/fastmap	available
4.2.2	filelock	1.0.2	2023-04-18T16:22:13Z	9514f37889b1c1a557d3a7f150994e7c	C:/Users/jafa05/Documents/ds_2023/ds_2023/r_4_2_cache/library/filelock/1.0.2/9514f37889b1c1a557d3a7f150994e7c/filelock	available
4.2.2	fission	1.18.0	2023-04-18T16:22:14Z	70d39cbb1563f56018de4614f1f0bdbe	C:/Users/jafa05/Documents/ds_2023/ds_2023/r_4_2_cache/library/fission/1.18.0/70d39cbb1563f56018de4614f1f0bdbe/fission	available
4.2.2	fontawesome	0.4.0	2023-04-18T16:22:14Z	097206286806b78b4ab993c349dfa09a	C:/Users/jafa05/Documents/ds_2023/ds_2023/r_4_2_cache/library/fontawesome/0.4.0/097206286806b78b4ab993c349dfa09a/fontawesome	available
4.2.2	forcats	0.5.2	2023-04-18T16:22:14Z	57f2c467969685adf85385c3fd0ca15f	C:/Users/jafa05/Documents/ds_2023/ds_2023/r_4_2_cache/library/forcats/0.5.2/57f2c467969685adf85385c3fd0ca15f/forcats	available
4.2.2	foreign	0.8.83	2023-04-18T16:22:14Z	33de6a1632bcd373914484088e741737	C:/Users/jafa05/Documents/ds_2023/ds_2023/r_4_2_cache/library/foreign/0.8-83/33de6a1632bcd373914484088e741737/foreign	available
4.2.2	formatR	1.13	2023-04-18T16:22:15Z	8c8d8620470d48c969b5234947b10f50	C:/Users/jafa05/Documents/ds_2023/ds_2023/r_4_2_cache/library/formatR/1.13/8c8d8620470d48c969b5234947b10f50/formatR	available
4.2.2	Formula	1.2.4	2023-04-18T16:22:15Z	097ba9daf4ce36a14879ac595eb8c4a5	C:/Users/jafa05/Documents/ds_2023/ds_2023/r_4_2_cache/library/Formula/1.2-4/097ba9daf4ce36a14879ac595eb8c4a5/Formula	available
4.2.2	fs	1.5.2	2023-04-18T16:22:15Z	640a35d783f27c654db12aae18d9c56a	C:/Users/jafa05/Documents/ds_2023/ds_2023/r_4_2_cache/library/fs/1.5.2/640a35d783f27c654db12aae18d9c56a/fs	active
4.2.2	futile.logger	1.4.3	2023-04-18T16:22:15Z	ecc63a96940ebb8e5de257969c591477	C:/Users/jafa05/Documents/ds_2023/ds_2023/r_4_2_cache/library/futile.logger/1.4.3/ecc63a96940ebb8e5de257969c591477/futile.logger	available
4.2.2	futile.options	1.0.1	2023-04-18T16:22:15Z	6eb8023fc81902dfd5c0c86616a00ac3	C:/Users/jafa05/Documents/ds_2023/ds_2023/r_4_2_cache/library/futile.options/1.0.1/6eb8023fc81902dfd5c0c86616a00ac3/futile.options	available
4.2.2	gargle	1.2.1	2023-04-18T16:22:15Z	e81b26e4c44110fad7b44403d316a875	C:/Users/jafa05/Documents/ds_2023/ds_2023/r_4_2_cache/library/gargle/1.2.1/e81b26e4c44110fad7b44403d316a875/gargle	available
4.2.2	genefilter	1.80.2	2023-04-18T16:22:16Z	2861d1ea1c47a06f36a98c6bbc4dd7a1	C:/Users/jafa05/Documents/ds_2023/ds_2023/r_4_2_cache/library/genefilter/1.80.2/2861d1ea1c47a06f36a98c6bbc4dd7a1/genefilter	available
4.2.2	geneplotter	1.76.0	2023-04-18T16:22:16Z	c2cd8279b2bfa3f28ffa9951eb3afd07	C:/Users/jafa05/Documents/ds_2023/ds_2023/r_4_2_cache/library/geneplotter/1.76.0/c2cd8279b2bfa3f28ffa9951eb3afd07/geneplotter	available
4.2.2	generics	0.1.3	2023-04-18T16:22:16Z	aed94fe14bd50d29a882da273b1482cf	C:/Users/jafa05/Documents/ds_2023/ds_2023/r_4_2_cache/library/generics/0.1.3/aed94fe14bd50d29a882da273b1482cf/generics	available
4.2.2	GenomeInfoDb	1.34.6	2023-04-18T16:22:16Z	61ed4c44068576f6b02d67637ce446cd	C:/Users/jafa05/Documents/ds_2023/ds_2023/r_4_2_cache/library/GenomeInfoDb/1.34.6/61ed4c44068576f6b02d67637ce446cd/GenomeInfoDb	available
4.2.2	GenomeInfoDbData	1.2.9	2023-04-18T16:22:17Z	ef89e02e4302951963ba4a2ea4980f3d	C:/Users/jafa05/Documents/ds_2023/ds_2023/r_4_2_cache/library/GenomeInfoDbData/1.2.9/ef89e02e4302951963ba4a2ea4980f3d/GenomeInfoDbData	available
4.2.2	GenomicAlignments	1.34.0	2023-04-18T16:22:17Z	6c2e72f91a52d4959220394c96a073c4	C:/Users/jafa05/Documents/ds_2023/ds_2023/r_4_2_cache/library/GenomicAlignments/1.34.0/6c2e72f91a52d4959220394c96a073c4/GenomicAlignments	available
4.2.2	GenomicFeatures	1.50.3	2023-04-18T16:22:18Z	88b9a68b0922d9508861c1b3e39fd712	C:/Users/jafa05/Documents/ds_2023/ds_2023/r_4_2_cache/library/GenomicFeatures/1.50.3/88b9a68b0922d9508861c1b3e39fd712/GenomicFeatures	available
4.2.2	GenomicRanges	1.50.2	2023-04-18T16:22:18Z	477b02b1caab82ac4d0228b7c9e88d92	C:/Users/jafa05/Documents/ds_2023/ds_2023/r_4_2_cache/library/GenomicRanges/1.50.2/477b02b1caab82ac4d0228b7c9e88d92/GenomicRanges	available
4.2.2	gert	1.9.2	2023-04-18T16:22:18Z	e238172011a8093057dedef862a8c970	C:/Users/jafa05/Documents/ds_2023/ds_2023/r_4_2_cache/library/gert/1.9.2/e238172011a8093057dedef862a8c970/gert	active
4.2.2	GGally	2.1.2	2023-04-18T16:22:18Z	869d5174074e57cd1b5537467e24a7eb	C:/Users/jafa05/Documents/ds_2023/ds_2023/r_4_2_cache/library/GGally/2.1.2/869d5174074e57cd1b5537467e24a7eb/GGally	available
4.2.2	ggbeeswarm	0.7.1	2023-04-18T16:22:19Z	f7f6ac35308172926503c043a5ffe1f3	C:/Users/jafa05/Documents/ds_2023/ds_2023/r_4_2_cache/library/ggbeeswarm/0.7.1/f7f6ac35308172926503c043a5ffe1f3/ggbeeswarm	available
4.2.2	ggbio	1.46.0	2023-04-18T16:22:19Z	42fae8a995f170e77e3da96353a5578b	C:/Users/jafa05/Documents/ds_2023/ds_2023/r_4_2_cache/library/ggbio/1.46.0/42fae8a995f170e77e3da96353a5578b/ggbio	available
4.2.2	ggplot2	3.4.0	2023-04-18T16:22:19Z	40b3aef9ab10fe817b46d9a59e691d8c	C:/Users/jafa05/Documents/ds_2023/ds_2023/r_4_2_cache/library/ggplot2/3.4.0/40b3aef9ab10fe817b46d9a59e691d8c/ggplot2	available
4.2.2	ggpubr	0.5.0	2023-04-18T16:22:19Z	bf3cfbf7844a474db10217e69188b9ce	C:/Users/jafa05/Documents/ds_2023/ds_2023/r_4_2_cache/library/ggpubr/0.5.0/bf3cfbf7844a474db10217e69188b9ce/ggpubr	available
4.2.2	ggrepel	0.9.2	2023-04-18T16:22:19Z	26ae952690634b99721f364057f6d226	C:/Users/jafa05/Documents/ds_2023/ds_2023/r_4_2_cache/library/ggrepel/0.9.2/26ae952690634b99721f364057f6d226/ggrepel	available
4.2.2	ggsci	2.9	2023-04-18T16:22:20Z	5d82d101ac9b332783e9038a3aa4e000	C:/Users/jafa05/Documents/ds_2023/ds_2023/r_4_2_cache/library/ggsci/2.9/5d82d101ac9b332783e9038a3aa4e000/ggsci	available
4.2.2	ggsignif	0.6.4	2023-04-18T16:22:20Z	fccc7b36ba95b5160cde09c9a3586557	C:/Users/jafa05/Documents/ds_2023/ds_2023/r_4_2_cache/library/ggsignif/0.6.4/fccc7b36ba95b5160cde09c9a3586557/ggsignif	available
4.2.2	gh	1.3.1	2023-04-18T16:22:20Z	fda34029ceb1388f9e6b7620ea941cc5	C:/Users/jafa05/Documents/ds_2023/ds_2023/r_4_2_cache/library/gh/1.3.1/fda34029ceb1388f9e6b7620ea941cc5/gh	available
4.2.2	gitcreds	0.1.2	2023-04-18T16:22:20Z	46cccd6758c17b888261435608d4b37a	C:/Users/jafa05/Documents/ds_2023/ds_2023/r_4_2_cache/library/gitcreds/0.1.2/46cccd6758c17b888261435608d4b37a/gitcreds	available
4.2.2	glmpca	0.2.0	2023-04-18T16:22:20Z	4407e62bcb35dd083fb6491c16618dca	C:/Users/jafa05/Documents/ds_2023/ds_2023/r_4_2_cache/library/glmpca/0.2.0/4407e62bcb35dd083fb6491c16618dca/glmpca	available
4.2.2	glue	1.6.2	2023-04-18T16:22:20Z	08fd94e8e20531cce042cf82e777f41e	C:/Users/jafa05/Documents/ds_2023/ds_2023/r_4_2_cache/library/glue/1.6.2/08fd94e8e20531cce042cf82e777f41e/glue	available
4.2.2	GO.db	3.16.0	2023-04-18T16:22:21Z	57c131344beaf147f7f30ca91f76f690	C:/Users/jafa05/Documents/ds_2023/ds_2023/r_4_2_cache/library/GO.db/3.16.0/57c131344beaf147f7f30ca91f76f690/GO.db	available
4.2.2	googledrive	2.0.0	2023-04-18T16:22:21Z	a813edebca05ce448f1759a079f4e48e	C:/Users/jafa05/Documents/ds_2023/ds_2023/r_4_2_cache/library/googledrive/2.0.0/a813edebca05ce448f1759a079f4e48e/googledrive	available
4.2.2	googlesheets4	1.0.1	2023-04-18T16:22:21Z	5a079efbfad45263a4af8f0ca464ef57	C:/Users/jafa05/Documents/ds_2023/ds_2023/r_4_2_cache/library/googlesheets4/1.0.1/5a079efbfad45263a4af8f0ca464ef57/googlesheets4	available
4.2.2	GOstats	2.64.0	2023-04-18T16:22:22Z	ea58161ee9ac38d7a1b9e0985a9a809b	C:/Users/jafa05/Documents/ds_2023/ds_2023/r_4_2_cache/library/GOstats/2.64.0/ea58161ee9ac38d7a1b9e0985a9a809b/GOstats	available
4.2.2	graph	1.76.0	2023-04-18T16:22:22Z	0a59d9bc249261aca2831be3f9157d8d	C:/Users/jafa05/Documents/ds_2023/ds_2023/r_4_2_cache/library/graph/1.76.0/0a59d9bc249261aca2831be3f9157d8d/graph	available
4.2.2	graphics	4.2.2	2023-04-18T16:22:22Z	3416c041813c27c2b0c596c3e5a34b23	C:/Users/jafa05/Documents/ds_2023/ds_2023/r_4_2_cache/library/graphics/4.2.2/3416c041813c27c2b0c596c3e5a34b23/graphics	base
4.2.2	grDevices	4.2.2	2023-04-18T16:22:22Z	2c094726e21566108a99deaca57e2857	C:/Users/jafa05/Documents/ds_2023/ds_2023/r_4_2_cache/library/grDevices/4.2.2/2c094726e21566108a99deaca57e2857/grDevices	base
4.2.2	grid	4.2.2	2023-04-18T16:22:23Z	6119a9f0fa00708f4876d0366f894120	C:/Users/jafa05/Documents/ds_2023/ds_2023/r_4_2_cache/library/grid/4.2.2/6119a9f0fa00708f4876d0366f894120/grid	base
4.2.2	gridExtra	2.3	2023-04-18T16:22:23Z	40bb219010a0a183641f8704da78db55	C:/Users/jafa05/Documents/ds_2023/ds_2023/r_4_2_cache/library/gridExtra/2.3/40bb219010a0a183641f8704da78db55/gridExtra	available
4.2.2	GSEABase	1.60.0	2023-04-18T16:22:24Z	5e42b2bd4c46502348383825d26209e6	C:/Users/jafa05/Documents/ds_2023/ds_2023/r_4_2_cache/library/GSEABase/1.60.0/5e42b2bd4c46502348383825d26209e6/GSEABase	available
4.2.2	gtable	0.3.1	2023-04-18T16:22:24Z	de37fb9c054f17f1a3fe3b4c4741664e	C:/Users/jafa05/Documents/ds_2023/ds_2023/r_4_2_cache/library/gtable/0.3.1/de37fb9c054f17f1a3fe3b4c4741664e/gtable	available
4.2.2	Gviz	1.42.0	2023-04-18T16:22:24Z	70878b80903809fc55f152f4868106f4	C:/Users/jafa05/Documents/ds_2023/ds_2023/r_4_2_cache/library/Gviz/1.42.0/70878b80903809fc55f152f4868106f4/Gviz	available
4.2.2	haven	2.5.1	2023-04-18T16:22:24Z	8249190e71f33802e51a3a20a918c683	C:/Users/jafa05/Documents/ds_2023/ds_2023/r_4_2_cache/library/haven/2.5.1/8249190e71f33802e51a3a20a918c683/haven	available
4.2.2	here	1.0.1	2023-04-18T16:22:25Z	1be17a07a069ac50d79b5a44a01d861e	C:/Users/jafa05/Documents/ds_2023/ds_2023/r_4_2_cache/library/here/1.0.1/1be17a07a069ac50d79b5a44a01d861e/here	available
4.2.2	hexbin	1.28.2	2023-04-18T16:22:25Z	7fae460ae3a7325596e3d82750e63891	C:/Users/jafa05/Documents/ds_2023/ds_2023/r_4_2_cache/library/hexbin/1.28.2/7fae460ae3a7325596e3d82750e63891/hexbin	available
4.2.2	highr	0.10	2023-04-18T16:22:25Z	3367283141382dca2d4ec2bef8edcd70	C:/Users/jafa05/Documents/ds_2023/ds_2023/r_4_2_cache/library/highr/0.10/3367283141382dca2d4ec2bef8edcd70/highr	available
4.2.2	Hmisc	4.7.2	2023-04-18T16:22:25Z	2a9bc6980300a95fa5f64d8fbf2c5da2	C:/Users/jafa05/Documents/ds_2023/ds_2023/r_4_2_cache/library/Hmisc/4.7-2/2a9bc6980300a95fa5f64d8fbf2c5da2/Hmisc	available
4.2.2	hms	1.1.2	2023-04-18T16:22:26Z	0ec5232e0f515cb85dbc4a792e7c541c	C:/Users/jafa05/Documents/ds_2023/ds_2023/r_4_2_cache/library/hms/1.1.2/0ec5232e0f515cb85dbc4a792e7c541c/hms	available
4.2.2	htmlTable	2.4.1	2023-04-18T16:22:26Z	c7f6f6a4d1aece987564f507c6371931	C:/Users/jafa05/Documents/ds_2023/ds_2023/r_4_2_cache/library/htmlTable/2.4.1/c7f6f6a4d1aece987564f507c6371931/htmlTable	available
4.2.2	htmltools	0.5.4	2023-04-18T16:22:26Z	ebbd3f9c75898c21a1a6d213888e3e43	C:/Users/jafa05/Documents/ds_2023/ds_2023/r_4_2_cache/library/htmltools/0.5.4/ebbd3f9c75898c21a1a6d213888e3e43/htmltools	available
4.2.2	htmlwidgets	1.6.1	2023-04-18T16:22:26Z	34b3d92d121e21f69dc7e5ac53a02d7f	C:/Users/jafa05/Documents/ds_2023/ds_2023/r_4_2_cache/library/htmlwidgets/1.6.1/34b3d92d121e21f69dc7e5ac53a02d7f/htmlwidgets	available
4.2.2	httpuv	1.6.7	2023-04-18T16:22:26Z	006cc7884787f04a9de16c4edf2897cb	C:/Users/jafa05/Documents/ds_2023/ds_2023/r_4_2_cache/library/httpuv/1.6.7/006cc7884787f04a9de16c4edf2897cb/httpuv	available
4.2.2	httr	1.4.4	2023-04-18T16:22:27Z	b9c81bf7d0fcf7d3a841c20baf88ed13	C:/Users/jafa05/Documents/ds_2023/ds_2023/r_4_2_cache/library/httr/1.4.4/b9c81bf7d0fcf7d3a841c20baf88ed13/httr	available
4.2.2	hwriter	1.3.2.1	2023-04-18T16:22:27Z	ab9c16b7f99fc3344423998a3f23c46b	C:/Users/jafa05/Documents/ds_2023/ds_2023/r_4_2_cache/library/hwriter/1.3.2.1/ab9c16b7f99fc3344423998a3f23c46b/hwriter	available
4.2.2	ids	1.0.1	2023-04-18T16:22:27Z	f7d73d4b0e2787b826d07a86fb042b0a	C:/Users/jafa05/Documents/ds_2023/ds_2023/r_4_2_cache/library/ids/1.0.1/f7d73d4b0e2787b826d07a86fb042b0a/ids	available
4.2.2	ini	0.3.1	2023-04-18T16:22:27Z	a2092779c5560aa9fc291a323415df44	C:/Users/jafa05/Documents/ds_2023/ds_2023/r_4_2_cache/library/ini/0.3.1/a2092779c5560aa9fc291a323415df44/ini	available
4.2.2	interactiveDisplayBase	1.36.0	2023-04-18T16:22:27Z	80489aefa8cfedd655eab985fddb4bdc	C:/Users/jafa05/Documents/ds_2023/ds_2023/r_4_2_cache/library/interactiveDisplayBase/1.36.0/80489aefa8cfedd655eab985fddb4bdc/interactiveDisplayBase	available
4.2.2	interp	1.1.3	2023-04-18T16:22:27Z	0f4dcd6fae16c865bc3e0986d5b68580	C:/Users/jafa05/Documents/ds_2023/ds_2023/r_4_2_cache/library/interp/1.1-3/0f4dcd6fae16c865bc3e0986d5b68580/interp	available
4.2.2	invgamma	1.1	2023-04-18T16:22:28Z	d1fe054dc122b0c82c7c519a89760e50	C:/Users/jafa05/Documents/ds_2023/ds_2023/r_4_2_cache/library/invgamma/1.1/d1fe054dc122b0c82c7c519a89760e50/invgamma	available
4.2.2	IRanges	2.32.0	2023-04-18T16:22:28Z	27a5a100f7ebffa07dbdcee3f74e702a	C:/Users/jafa05/Documents/ds_2023/ds_2023/r_4_2_cache/library/IRanges/2.32.0/27a5a100f7ebffa07dbdcee3f74e702a/IRanges	available
4.2.2	irlba	2.3.5.1	2023-04-18T16:22:28Z	7a9476c3ad057b920c124954e85c2758	C:/Users/jafa05/Documents/ds_2023/ds_2023/r_4_2_cache/library/irlba/2.3.5.1/7a9476c3ad057b920c124954e85c2758/irlba	available
4.2.2	isoband	0.2.7	2023-04-18T16:22:28Z	53ea28a52a74ab0d4e43933550d1b234	C:/Users/jafa05/Documents/ds_2023/ds_2023/r_4_2_cache/library/isoband/0.2.7/53ea28a52a74ab0d4e43933550d1b234/isoband	available
4.2.2	jpeg	0.1.10	2023-04-18T16:22:28Z	2ce2bd1bc8b63bbb4f7de67449fe13df	C:/Users/jafa05/Documents/ds_2023/ds_2023/r_4_2_cache/library/jpeg/0.1-10/2ce2bd1bc8b63bbb4f7de67449fe13df/jpeg	available
4.2.2	jquerylib	0.1.4	2023-04-18T16:22:29Z	aabaa9279663273e39af2e2ef1d4db38	C:/Users/jafa05/Documents/ds_2023/ds_2023/r_4_2_cache/library/jquerylib/0.1.4/aabaa9279663273e39af2e2ef1d4db38/jquerylib	available
4.2.2	jsonlite	1.8.4	2023-04-18T16:22:29Z	4c11e6b1dd120e9d29cd631de65ecf99	C:/Users/jafa05/Documents/ds_2023/ds_2023/r_4_2_cache/library/jsonlite/1.8.4/4c11e6b1dd120e9d29cd631de65ecf99/jsonlite	available
4.2.2	KEGGREST	1.38.0	2023-04-18T16:22:29Z	a29c2fa55b5c4410e17063f722c69c31	C:/Users/jafa05/Documents/ds_2023/ds_2023/r_4_2_cache/library/KEGGREST/1.38.0/a29c2fa55b5c4410e17063f722c69c31/KEGGREST	available
4.2.2	KernSmooth	2.23.20	2023-04-18T16:22:29Z	7df9a380304159da2e62c556978fef84	C:/Users/jafa05/Documents/ds_2023/ds_2023/r_4_2_cache/library/KernSmooth/2.23-20/7df9a380304159da2e62c556978fef84/KernSmooth	available
4.2.2	knitr	1.41	2023-04-18T16:22:29Z	483f900eee3a1300faa023f9669d3060	C:/Users/jafa05/Documents/ds_2023/ds_2023/r_4_2_cache/library/knitr/1.41/483f900eee3a1300faa023f9669d3060/knitr	available
4.2.2	labeling	0.4.2	2023-04-18T16:22:30Z	099758a557deb0b14f3e37334653746a	C:/Users/jafa05/Documents/ds_2023/ds_2023/r_4_2_cache/library/labeling/0.4.2/099758a557deb0b14f3e37334653746a/labeling	available
4.2.2	lambda.r	1.2.4	2023-04-18T16:22:30Z	e0c79a5b6ba542b7caab94dde6c078fa	C:/Users/jafa05/Documents/ds_2023/ds_2023/r_4_2_cache/library/lambda.r/1.2.4/e0c79a5b6ba542b7caab94dde6c078fa/lambda.r	available
4.2.2	later	1.3.0	2023-04-18T16:22:30Z	37928ec013aec1aac0795ae0db0f77ee	C:/Users/jafa05/Documents/ds_2023/ds_2023/r_4_2_cache/library/later/1.3.0/37928ec013aec1aac0795ae0db0f77ee/later	available
4.2.2	lattice	0.20.45	2023-04-18T16:22:31Z	a6a084d29221d0b2264df4eca8b17e22	C:/Users/jafa05/Documents/ds_2023/ds_2023/r_4_2_cache/library/lattice/0.20-45/a6a084d29221d0b2264df4eca8b17e22/lattice	available
4.2.2	latticeExtra	0.6.30	2023-04-18T16:22:31Z	1206b6eaa824ddaf9dfab9655dec5239	C:/Users/jafa05/Documents/ds_2023/ds_2023/r_4_2_cache/library/latticeExtra/0.6-30/1206b6eaa824ddaf9dfab9655dec5239/latticeExtra	available
4.2.2	lazyData	1.1.0	2023-04-18T16:22:31Z	7e6460b092932315b7396cdabe061626	C:/Users/jafa05/Documents/ds_2023/ds_2023/r_4_2_cache/library/lazyData/1.1.0/7e6460b092932315b7396cdabe061626/lazyData	available
4.2.2	lazyeval	0.2.2	2023-04-18T16:22:31Z	7618d12ca66ffdd5dd4f88c204b29136	C:/Users/jafa05/Documents/ds_2023/ds_2023/r_4_2_cache/library/lazyeval/0.2.2/7618d12ca66ffdd5dd4f88c204b29136/lazyeval	available
4.2.2	lifecycle	1.0.3	2023-04-18T16:22:31Z	2a4cdbeba4fd2042daa4c171065efe17	C:/Users/jafa05/Documents/ds_2023/ds_2023/r_4_2_cache/library/lifecycle/1.0.3/2a4cdbeba4fd2042daa4c171065efe17/lifecycle	available
4.2.2	limma	3.54.0	2023-04-18T16:22:32Z	d76ffad08f5dc6307da37cdba876f3f9	C:/Users/jafa05/Documents/ds_2023/ds_2023/r_4_2_cache/library/limma/3.54.0/d76ffad08f5dc6307da37cdba876f3f9/limma	available
4.2.2	lme4	1.1.31	2023-04-18T16:22:32Z	b3df3914c55514121233dbb5346fae92	C:/Users/jafa05/Documents/ds_2023/ds_2023/r_4_2_cache/library/lme4/1.1-31/b3df3914c55514121233dbb5346fae92/lme4	available
4.2.2	locfit	1.5.9.6	2023-04-18T16:22:32Z	46c42516ee871e1e1f5c27f52093d3da	C:/Users/jafa05/Documents/ds_2023/ds_2023/r_4_2_cache/library/locfit/1.5-9.6/46c42516ee871e1e1f5c27f52093d3da/locfit	available
4.2.2	lubridate	1.9.0	2023-04-18T16:22:32Z	685566884bab7698fa4f0960e48ddfd4	C:/Users/jafa05/Documents/ds_2023/ds_2023/r_4_2_cache/library/lubridate/1.9.0/685566884bab7698fa4f0960e48ddfd4/lubridate	available
4.2.2	magrittr	2.0.3	2023-04-18T16:22:33Z	98b6d0b43c6f7d91b748b395fa6f8685	C:/Users/jafa05/Documents/ds_2023/ds_2023/r_4_2_cache/library/magrittr/2.0.3/98b6d0b43c6f7d91b748b395fa6f8685/magrittr	available
4.2.2	markdown	1.4	2023-04-18T16:22:33Z	ba8e238f5ef91399ad2cc89985b8631e	C:/Users/jafa05/Documents/ds_2023/ds_2023/r_4_2_cache/library/markdown/1.4/ba8e238f5ef91399ad2cc89985b8631e/markdown	available
4.2.2	MASS	7.3.58.1	2023-04-18T16:22:33Z	7dfb44fe3dc740f33611b793567aa2e4	C:/Users/jafa05/Documents/ds_2023/ds_2023/r_4_2_cache/library/MASS/7.3-58.1/7dfb44fe3dc740f33611b793567aa2e4/MASS	available
4.2.2	Matrix	1.5.1	2023-04-18T16:22:33Z	150829e016b8b9553b337a0996f977e1	C:/Users/jafa05/Documents/ds_2023/ds_2023/r_4_2_cache/library/Matrix/1.5-1/150829e016b8b9553b337a0996f977e1/Matrix	available
4.2.2	MatrixGenerics	1.10.0	2023-04-18T16:22:34Z	0cdd3c88b35269bec4c643d2dc9e25c9	C:/Users/jafa05/Documents/ds_2023/ds_2023/r_4_2_cache/library/MatrixGenerics/1.10.0/0cdd3c88b35269bec4c643d2dc9e25c9/MatrixGenerics	available
4.2.2	MatrixModels	0.5.1	2023-04-18T16:22:34Z	06e4812a1dd58d8dc112010b674dbd33	C:/Users/jafa05/Documents/ds_2023/ds_2023/r_4_2_cache/library/MatrixModels/0.5-1/06e4812a1dd58d8dc112010b674dbd33/MatrixModels	available
4.2.2	matrixStats	0.63.0	2023-04-18T16:22:34Z	b4f8f989b729756f1f7ecfe5a587ddf7	C:/Users/jafa05/Documents/ds_2023/ds_2023/r_4_2_cache/library/matrixStats/0.63.0/b4f8f989b729756f1f7ecfe5a587ddf7/matrixStats	available
4.2.2	memoise	2.0.1	2023-04-18T16:22:35Z	e22bc1f0632a054641639191dcfff34d	C:/Users/jafa05/Documents/ds_2023/ds_2023/r_4_2_cache/library/memoise/2.0.1/e22bc1f0632a054641639191dcfff34d/memoise	available
4.2.2	methods	4.2.2	2023-04-18T16:22:35Z	1559c24696b28fd2c95936806867fcfc	C:/Users/jafa05/Documents/ds_2023/ds_2023/r_4_2_cache/library/methods/4.2.2/1559c24696b28fd2c95936806867fcfc/methods	base
4.2.2	mgcv	1.8.41	2023-04-18T16:22:35Z	f45d6b93aa04520a407c1070ea6f03b9	C:/Users/jafa05/Documents/ds_2023/ds_2023/r_4_2_cache/library/mgcv/1.8-41/f45d6b93aa04520a407c1070ea6f03b9/mgcv	available
4.2.2	mime	0.12	2023-04-18T16:22:35Z	c418ab06512fc0effe2216ce1abb1e65	C:/Users/jafa05/Documents/ds_2023/ds_2023/r_4_2_cache/library/mime/0.12/c418ab06512fc0effe2216ce1abb1e65/mime	available
4.2.2	miniUI	0.1.1.1	2023-04-18T16:22:35Z	31150d37a55884513dc472b1185bcdf3	C:/Users/jafa05/Documents/ds_2023/ds_2023/r_4_2_cache/library/miniUI/0.1.1.1/31150d37a55884513dc472b1185bcdf3/miniUI	available
4.2.2	minqa	1.2.5	2023-04-18T16:22:35Z	a41d0d687cbc8b5b366ba52904cc9183	C:/Users/jafa05/Documents/ds_2023/ds_2023/r_4_2_cache/library/minqa/1.2.5/a41d0d687cbc8b5b366ba52904cc9183/minqa	available
4.2.2	mixsqp	0.3.48	2023-04-18T16:22:36Z	59a25c0820b7c163065b483abe734f66	C:/Users/jafa05/Documents/ds_2023/ds_2023/r_4_2_cache/library/mixsqp/0.3-48/59a25c0820b7c163065b483abe734f66/mixsqp	available
4.2.2	modelr	0.1.10	2023-04-18T16:22:36Z	16a52ace5258805da5507aab1b9dd682	C:/Users/jafa05/Documents/ds_2023/ds_2023/r_4_2_cache/library/modelr/0.1.10/16a52ace5258805da5507aab1b9dd682/modelr	available
4.2.2	munsell	0.5.0	2023-04-18T16:22:36Z	5ba9fc43fc7e7edcb86a1608ede7a8c5	C:/Users/jafa05/Documents/ds_2023/ds_2023/r_4_2_cache/library/munsell/0.5.0/5ba9fc43fc7e7edcb86a1608ede7a8c5/munsell	available
4.2.2	mvtnorm	1.1.3	2023-04-18T16:22:36Z	f0102aa533ada31318f6cf84254fd63a	C:/Users/jafa05/Documents/ds_2023/ds_2023/r_4_2_cache/library/mvtnorm/1.1-3/f0102aa533ada31318f6cf84254fd63a/mvtnorm	available
4.2.2	nlme	3.1.160	2023-04-18T16:22:36Z	092c7b88865fd7f120505897e20a9f76	C:/Users/jafa05/Documents/ds_2023/ds_2023/r_4_2_cache/library/nlme/3.1-160/092c7b88865fd7f120505897e20a9f76/nlme	available
4.2.2	nloptr	2.0.3	2023-04-18T16:22:37Z	29dd29db0c5ced04c107c34e6159b919	C:/Users/jafa05/Documents/ds_2023/ds_2023/r_4_2_cache/library/nloptr/2.0.3/29dd29db0c5ced04c107c34e6159b919/nloptr	available
4.2.2	nnet	7.3.18	2023-04-18T16:22:37Z	ebed1569f451ebf30a2a53cd23c2c625	C:/Users/jafa05/Documents/ds_2023/ds_2023/r_4_2_cache/library/nnet/7.3-18/ebed1569f451ebf30a2a53cd23c2c625/nnet	available
4.2.2	numDeriv	2016.8.1.1	2023-04-18T16:22:37Z	6e260a15666aa15076d9ded3eab07018	C:/Users/jafa05/Documents/ds_2023/ds_2023/r_4_2_cache/library/numDeriv/2016.8-1.1/6e260a15666aa15076d9ded3eab07018/numDeriv	available
4.2.2	openssl	2.0.5	2023-04-18T16:22:37Z	01d4fa9220d8b22dd73497d567f47e29	C:/Users/jafa05/Documents/ds_2023/ds_2023/r_4_2_cache/library/openssl/2.0.5/01d4fa9220d8b22dd73497d567f47e29/openssl	available
4.2.2	org.Hs.eg.db	3.16.0	2023-04-18T16:22:39Z	154736f4d65f178e514a8c967c4c76c5	C:/Users/jafa05/Documents/ds_2023/ds_2023/r_4_2_cache/library/org.Hs.eg.db/3.16.0/154736f4d65f178e514a8c967c4c76c5/org.Hs.eg.db	available
4.2.2	OrganismDbi	1.40.0	2023-04-18T16:22:39Z	0d38eb94048d5b46fa484ab47afa20e0	C:/Users/jafa05/Documents/ds_2023/ds_2023/r_4_2_cache/library/OrganismDbi/1.40.0/0d38eb94048d5b46fa484ab47afa20e0/OrganismDbi	available
4.2.2	pak	0.4.0	2023-04-18T16:22:40Z	d736ba56dfe00db145ce41334942dd33	C:/Users/jafa05/Documents/ds_2023/ds_2023/r_4_2_cache/library/pak/0.4.0/d736ba56dfe00db145ce41334942dd33/pak	available
4.2.2	parallel	4.2.2	2023-04-18T16:22:43Z	5ee757266acaa25c30f23ebb5a94a996	C:/Users/jafa05/Documents/ds_2023/ds_2023/r_4_2_cache/library/parallel/4.2.2/5ee757266acaa25c30f23ebb5a94a996/parallel	base
4.2.2	pbkrtest	0.5.1	2023-04-18T16:22:43Z	bcc7c815f81f88791a9ebaae91946a9d	C:/Users/jafa05/Documents/ds_2023/ds_2023/r_4_2_cache/library/pbkrtest/0.5.1/bcc7c815f81f88791a9ebaae91946a9d/pbkrtest	available
4.2.2	PFAM.db	3.16.0	2023-04-18T16:22:43Z	6cb46978891865c135770b156cdff75a	C:/Users/jafa05/Documents/ds_2023/ds_2023/r_4_2_cache/library/PFAM.db/3.16.0/6cb46978891865c135770b156cdff75a/PFAM.db	available
4.2.2	pheatmap	1.0.12	2023-04-18T16:22:43Z	9b62113725d944d81f6963cf6bd509b7	C:/Users/jafa05/Documents/ds_2023/ds_2023/r_4_2_cache/library/pheatmap/1.0.12/9b62113725d944d81f6963cf6bd509b7/pheatmap	available
4.2.2	pillar	1.8.1	2023-04-18T16:22:44Z	11c9d49f85840b0e83e08c2eaf0fc799	C:/Users/jafa05/Documents/ds_2023/ds_2023/r_4_2_cache/library/pillar/1.8.1/11c9d49f85840b0e83e08c2eaf0fc799/pillar	available
4.2.2	pkgbuild	1.4.0	2023-04-18T16:22:44Z	60a2aa259c72d0ac5c9111fbae6032dd	C:/Users/jafa05/Documents/ds_2023/ds_2023/r_4_2_cache/library/pkgbuild/1.4.0/60a2aa259c72d0ac5c9111fbae6032dd/pkgbuild	available
4.2.2	pkgcache	2.1.0	2023-04-18T16:22:44Z	016e58f40049c758f3b3eadb19129784	C:/Users/jafa05/Documents/ds_2023/ds_2023/r_4_2_cache/library/pkgcache/2.1.0/016e58f40049c758f3b3eadb19129784/pkgcache	available
4.2.2	pkgconfig	2.0.3	2023-04-18T16:22:44Z	e754234e424b2b49d36f28e77d44c486	C:/Users/jafa05/Documents/ds_2023/ds_2023/r_4_2_cache/library/pkgconfig/2.0.3/e754234e424b2b49d36f28e77d44c486/pkgconfig	available
4.2.2	pkgdown	2.0.7	2023-04-18T16:22:44Z	cb0fe934fca93a6cdf5fcf96d553442e	C:/Users/jafa05/Documents/ds_2023/ds_2023/r_4_2_cache/library/pkgdown/2.0.7/cb0fe934fca93a6cdf5fcf96d553442e/pkgdown	available
4.2.2	pkgload	1.3.2	2023-04-18T16:22:45Z	7120726763ead9b9de3309b694733464	C:/Users/jafa05/Documents/ds_2023/ds_2023/r_4_2_cache/library/pkgload/1.3.2/7120726763ead9b9de3309b694733464/pkgload	available
4.2.2	plogr	0.2.0	2023-04-18T16:22:45Z	a25813966560da9b74153fd1821bfb3d	C:/Users/jafa05/Documents/ds_2023/ds_2023/r_4_2_cache/library/plogr/0.2.0/a25813966560da9b74153fd1821bfb3d/plogr	available
4.2.2	plyr	1.8.8	2023-04-18T16:22:45Z	20c18dc7e56e03568b76e01d85b4b889	C:/Users/jafa05/Documents/ds_2023/ds_2023/r_4_2_cache/library/plyr/1.8.8/20c18dc7e56e03568b76e01d85b4b889/plyr	available
4.2.2	png	0.1.8	2023-04-18T16:22:45Z	ca6336d566ff627a8df3c5cbf305bb39	C:/Users/jafa05/Documents/ds_2023/ds_2023/r_4_2_cache/library/png/0.1-8/ca6336d566ff627a8df3c5cbf305bb39/png	available
4.2.2	PoiClaClu	1.0.2.1	2023-04-18T16:22:45Z	438783f5b976bdd4b679cf32824e139e	C:/Users/jafa05/Documents/ds_2023/ds_2023/r_4_2_cache/library/PoiClaClu/1.0.2.1/438783f5b976bdd4b679cf32824e139e/PoiClaClu	available
4.2.2	polynom	1.4.1	2023-04-18T16:22:46Z	24f17d2c13a8997d7a84ce5142f51302	C:/Users/jafa05/Documents/ds_2023/ds_2023/r_4_2_cache/library/polynom/1.4-1/24f17d2c13a8997d7a84ce5142f51302/polynom	available
4.2.2	praise	1.0.0	2023-04-18T16:22:46Z	82ea4d478c33b3d7798b5fa82ba2e8cb	C:/Users/jafa05/Documents/ds_2023/ds_2023/r_4_2_cache/library/praise/1.0.0/82ea4d478c33b3d7798b5fa82ba2e8cb/praise	available
4.2.2	preprocessCore	1.60.1	2023-04-18T16:22:46Z	f11dec02509aef66d5e4e31d7abf16d3	C:/Users/jafa05/Documents/ds_2023/ds_2023/r_4_2_cache/library/preprocessCore/1.60.1/f11dec02509aef66d5e4e31d7abf16d3/preprocessCore	available
4.2.2	prettyunits	1.1.1	2023-04-18T16:22:46Z	829d0442ed8579d30875f719b0056ff6	C:/Users/jafa05/Documents/ds_2023/ds_2023/r_4_2_cache/library/prettyunits/1.1.1/829d0442ed8579d30875f719b0056ff6/prettyunits	available
4.2.2	processx	3.8.0	2023-04-18T16:22:46Z	9cd17a1e4eedac74a980bb66b6c7bed7	C:/Users/jafa05/Documents/ds_2023/ds_2023/r_4_2_cache/library/processx/3.8.0/9cd17a1e4eedac74a980bb66b6c7bed7/processx	available
4.2.2	profvis	0.3.7	2023-04-18T16:22:46Z	7001094b5849d965148ade60fec9a586	C:/Users/jafa05/Documents/ds_2023/ds_2023/r_4_2_cache/library/profvis/0.3.7/7001094b5849d965148ade60fec9a586/profvis	available
4.2.2	progress	1.2.2	2023-04-18T16:22:47Z	623973d3efbc615edb705c0bfd19c5ee	C:/Users/jafa05/Documents/ds_2023/ds_2023/r_4_2_cache/library/progress/1.2.2/623973d3efbc615edb705c0bfd19c5ee/progress	available
4.2.2	promises	1.2.0.1	2023-04-18T16:22:47Z	d8fb4260ee4bd27f72d90c1f01bffc63	C:/Users/jafa05/Documents/ds_2023/ds_2023/r_4_2_cache/library/promises/1.2.0.1/d8fb4260ee4bd27f72d90c1f01bffc63/promises	available
4.2.2	prompt	1.0.1	2023-04-18T16:22:47Z	82aeac5493dd85661318424c64b1d181	C:/Users/jafa05/Documents/ds_2023/ds_2023/r_4_2_cache/library/prompt/1.0.1/82aeac5493dd85661318424c64b1d181/prompt	available
4.2.2	ProtGenerics	1.30.0	2023-04-18T16:22:47Z	47e9553438b66f01dc7786ab93e6c4bf	C:/Users/jafa05/Documents/ds_2023/ds_2023/r_4_2_cache/library/ProtGenerics/1.30.0/47e9553438b66f01dc7786ab93e6c4bf/ProtGenerics	available
4.2.2	ps	1.7.2	2023-04-18T16:22:47Z	38d5bd9d8fd6b0b73070c8d534173079	C:/Users/jafa05/Documents/ds_2023/ds_2023/r_4_2_cache/library/ps/1.7.2/38d5bd9d8fd6b0b73070c8d534173079/ps	available
4.2.2	purrr	1.0.0	2023-04-18T16:22:48Z	2fe1fdb078fa863b7c47c8e6e40e68b1	C:/Users/jafa05/Documents/ds_2023/ds_2023/r_4_2_cache/library/purrr/1.0.0/2fe1fdb078fa863b7c47c8e6e40e68b1/purrr	available
4.2.2	quantreg	5.94	2023-04-18T16:22:48Z	a6beebb6b60ab3a11fb13cf425ec859a	C:/Users/jafa05/Documents/ds_2023/ds_2023/r_4_2_cache/library/quantreg/5.94/a6beebb6b60ab3a11fb13cf425ec859a/quantreg	available
4.2.2	R.methodsS3	1.8.2	2023-04-18T16:22:48Z	0c0eb0e8a395d19f359b57da8aeb69b1	C:/Users/jafa05/Documents/ds_2023/ds_2023/r_4_2_cache/library/R.methodsS3/1.8.2/0c0eb0e8a395d19f359b57da8aeb69b1/R.methodsS3	available
4.2.2	R.oo	1.25.0	2023-04-18T16:22:48Z	fd6f08f4e9349f605337e9028fb617c3	C:/Users/jafa05/Documents/ds_2023/ds_2023/r_4_2_cache/library/R.oo/1.25.0/fd6f08f4e9349f605337e9028fb617c3/R.oo	available
4.2.2	R.utils	2.12.2	2023-04-18T16:22:48Z	06ba2269fa89fb7f22814eae264f58a5	C:/Users/jafa05/Documents/ds_2023/ds_2023/r_4_2_cache/library/R.utils/2.12.2/06ba2269fa89fb7f22814eae264f58a5/R.utils	available
4.2.2	R6	2.5.1	2023-04-18T16:22:49Z	465d9724f0f0a6f5726357de2b4365c8	C:/Users/jafa05/Documents/ds_2023/ds_2023/r_4_2_cache/library/R6/2.5.1/465d9724f0f0a6f5726357de2b4365c8/R6	available
4.2.2	ragg	1.2.4	2023-04-18T16:22:49Z	fa5861fbfbf180cd602ce4826b229ccc	C:/Users/jafa05/Documents/ds_2023/ds_2023/r_4_2_cache/library/ragg/1.2.4/fa5861fbfbf180cd602ce4826b229ccc/ragg	available
4.2.2	rappdirs	0.3.3	2023-04-18T16:22:49Z	00c6606e8b599a5519cc6c4a20336398	C:/Users/jafa05/Documents/ds_2023/ds_2023/r_4_2_cache/library/rappdirs/0.3.3/00c6606e8b599a5519cc6c4a20336398/rappdirs	available
4.2.2	RBGL	1.74.0	2023-04-18T16:22:49Z	dac099aa29b3073350d5afb7cfe58b45	C:/Users/jafa05/Documents/ds_2023/ds_2023/r_4_2_cache/library/RBGL/1.74.0/dac099aa29b3073350d5afb7cfe58b45/RBGL	available
4.2.2	rcmdcheck	1.4.0	2023-04-18T16:22:49Z	79b29b8f5f8a7539715900d95d7fa1e6	C:/Users/jafa05/Documents/ds_2023/ds_2023/r_4_2_cache/library/rcmdcheck/1.4.0/79b29b8f5f8a7539715900d95d7fa1e6/rcmdcheck	available
4.2.2	RColorBrewer	1.1.3	2023-04-18T16:22:50Z	19033b2cf77d0656d5fab5913caaf8e9	C:/Users/jafa05/Documents/ds_2023/ds_2023/r_4_2_cache/library/RColorBrewer/1.1-3/19033b2cf77d0656d5fab5913caaf8e9/RColorBrewer	available
4.2.2	Rcpp	1.0.9	2023-04-18T16:22:50Z	685c557fef7336b822fa3d3880e453ec	C:/Users/jafa05/Documents/ds_2023/ds_2023/r_4_2_cache/library/Rcpp/1.0.9/685c557fef7336b822fa3d3880e453ec/Rcpp	available
4.2.2	RcppArmadillo	0.11.4.2.1	2023-04-18T16:22:53Z	a5c9341258d9ed88638ba1040bf28a3b	C:/Users/jafa05/Documents/ds_2023/ds_2023/r_4_2_cache/library/RcppArmadillo/0.11.4.2.1/a5c9341258d9ed88638ba1040bf28a3b/RcppArmadillo	available
4.2.2	RcppEigen	0.3.3.9.3	2023-04-18T16:22:56Z	49689c1b2ba9a5a3800a7b014fdabbe3	C:/Users/jafa05/Documents/ds_2023/ds_2023/r_4_2_cache/library/RcppEigen/0.3.3.9.3/49689c1b2ba9a5a3800a7b014fdabbe3/RcppEigen	available
4.2.2	RcppNumerical	0.4.0	2023-04-18T16:22:58Z	2212e850ee5a9cd9e08dcf4b1cd7d506	C:/Users/jafa05/Documents/ds_2023/ds_2023/r_4_2_cache/library/RcppNumerical/0.4-0/2212e850ee5a9cd9e08dcf4b1cd7d506/RcppNumerical	available
4.2.2	RCurl	1.98.1.9	2023-04-18T16:22:58Z	e653f09f515234bcdb550dfbf5bdd242	C:/Users/jafa05/Documents/ds_2023/ds_2023/r_4_2_cache/library/RCurl/1.98-1.9/e653f09f515234bcdb550dfbf5bdd242/RCurl	available
4.2.2	readr	2.1.3	2023-04-18T16:22:58Z	753238ab9d9341a430e8ab43c3059fdf	C:/Users/jafa05/Documents/ds_2023/ds_2023/r_4_2_cache/library/readr/2.1.3/753238ab9d9341a430e8ab43c3059fdf/readr	available
4.2.2	readxl	1.4.1	2023-04-18T16:22:59Z	7bd40adee5dac0885d0107c8c58bd437	C:/Users/jafa05/Documents/ds_2023/ds_2023/r_4_2_cache/library/readxl/1.4.1/7bd40adee5dac0885d0107c8c58bd437/readxl	available
4.2.2	rematch	1.0.1	2023-04-18T16:22:59Z	5b4a6f5090fa38754ba785909332e3aa	C:/Users/jafa05/Documents/ds_2023/ds_2023/r_4_2_cache/library/rematch/1.0.1/5b4a6f5090fa38754ba785909332e3aa/rematch	available
4.2.2	rematch2	2.1.2	2023-04-18T16:22:59Z	b31e1d91f70b22d9c8d57f244fe36a1c	C:/Users/jafa05/Documents/ds_2023/ds_2023/r_4_2_cache/library/rematch2/2.1.2/b31e1d91f70b22d9c8d57f244fe36a1c/rematch2	available
4.2.2	remotes	2.4.2	2023-04-18T16:22:59Z	04fa3e361102ebaded05a31d743c382b	C:/Users/jafa05/Documents/ds_2023/ds_2023/r_4_2_cache/library/remotes/2.4.2/04fa3e361102ebaded05a31d743c382b/remotes	available
4.2.2	renv	0.17.3	2023-04-18T16:22:59Z	0706728d3e39199480797f1ff470980a	C:/Users/jafa05/Documents/ds_2023/ds_2023/r_4_2_cache/library/renv/0.17.3/0706728d3e39199480797f1ff470980a/renv	available
4.2.2	ReportingTools	2.38.0	2023-04-18T16:23:00Z	187932c55e832d6fde075f8b85e21e41	C:/Users/jafa05/Documents/ds_2023/ds_2023/r_4_2_cache/library/ReportingTools/2.38.0/187932c55e832d6fde075f8b85e21e41/ReportingTools	available
4.2.2	reprex	2.0.2	2023-04-18T16:23:00Z	d81a7716aa64e026699d1c44c6d8fea8	C:/Users/jafa05/Documents/ds_2023/ds_2023/r_4_2_cache/library/reprex/2.0.2/d81a7716aa64e026699d1c44c6d8fea8/reprex	available
4.2.2	reshape	0.8.9	2023-04-18T16:23:01Z	e6cdbfa312c32ef9e353a4f2939c622e	C:/Users/jafa05/Documents/ds_2023/ds_2023/r_4_2_cache/library/reshape/0.8.9/e6cdbfa312c32ef9e353a4f2939c622e/reshape	available
4.2.2	reshape2	1.4.4	2023-04-18T16:23:01Z	119b7a5829e0f6abbdf9880e86fbbe18	C:/Users/jafa05/Documents/ds_2023/ds_2023/r_4_2_cache/library/reshape2/1.4.4/119b7a5829e0f6abbdf9880e86fbbe18/reshape2	available
4.2.2	restfulr	0.0.15	2023-04-18T16:23:01Z	2c2321c5b403b3f387fc7063bab159f3	C:/Users/jafa05/Documents/ds_2023/ds_2023/r_4_2_cache/library/restfulr/0.0.15/2c2321c5b403b3f387fc7063bab159f3/restfulr	available
4.2.2	Rgraphviz	2.42.0	2023-04-18T16:23:01Z	ad16023eb5c026eb1e178240b3c0fb4b	C:/Users/jafa05/Documents/ds_2023/ds_2023/r_4_2_cache/library/Rgraphviz/2.42.0/ad16023eb5c026eb1e178240b3c0fb4b/Rgraphviz	available
4.2.2	Rhtslib	2.0.0	2023-04-18T16:23:01Z	a25e319220f3d54743f678348adb90b1	C:/Users/jafa05/Documents/ds_2023/ds_2023/r_4_2_cache/library/Rhtslib/2.0.0/a25e319220f3d54743f678348adb90b1/Rhtslib	available
4.2.2	rjson	0.2.21	2023-04-18T16:23:02Z	1b521892ad5e6ea0990c56830e1070ac	C:/Users/jafa05/Documents/ds_2023/ds_2023/r_4_2_cache/library/rjson/0.2.21/1b521892ad5e6ea0990c56830e1070ac/rjson	available
4.2.2	rlang	1.0.6	2023-04-18T16:23:02Z	3e683fb4003b872c3bcbe8f4c1f0ee94	C:/Users/jafa05/Documents/ds_2023/ds_2023/r_4_2_cache/library/rlang/1.0.6/3e683fb4003b872c3bcbe8f4c1f0ee94/rlang	available
4.2.2	rmarkdown	2.19	2023-04-18T16:23:03Z	a6d68f4623603324b306ceaa27643ec9	C:/Users/jafa05/Documents/ds_2023/ds_2023/r_4_2_cache/library/rmarkdown/2.19/a6d68f4623603324b306ceaa27643ec9/rmarkdown	available
4.2.2	rnaseqGene	1.23.0	2023-04-18T16:23:04Z	1b5a9b64c2708b93521f8a8389ed7d82	C:/Users/jafa05/Documents/ds_2023/ds_2023/r_4_2_cache/library/rnaseqGene/1.23.0/1b5a9b64c2708b93521f8a8389ed7d82/rnaseqGene	available
4.2.2	roxygen2	7.2.3	2023-04-18T16:23:05Z	273b5193555ab95bb0393118b05fc3d7	C:/Users/jafa05/Documents/ds_2023/ds_2023/r_4_2_cache/library/roxygen2/7.2.3/273b5193555ab95bb0393118b05fc3d7/roxygen2	available
4.2.2	rpart	4.1.19	2023-04-18T16:23:05Z	39f043415835b5041d1cbc1bf44f53fd	C:/Users/jafa05/Documents/ds_2023/ds_2023/r_4_2_cache/library/rpart/4.1.19/39f043415835b5041d1cbc1bf44f53fd/rpart	available
4.2.2	rprojroot	2.0.3	2023-04-18T16:23:05Z	71e414b7266dd85d8a81944ee3bed759	C:/Users/jafa05/Documents/ds_2023/ds_2023/r_4_2_cache/library/rprojroot/2.0.3/71e414b7266dd85d8a81944ee3bed759/rprojroot	available
4.2.2	Rsamtools	2.14.0	2023-04-18T16:23:06Z	e109c28c53f40be91e604ed7de72a064	C:/Users/jafa05/Documents/ds_2023/ds_2023/r_4_2_cache/library/Rsamtools/2.14.0/e109c28c53f40be91e604ed7de72a064/Rsamtools	available
4.2.2	RSQLite	2.2.20	2023-04-18T16:23:06Z	f18e203342ed6d703b606117839741d1	C:/Users/jafa05/Documents/ds_2023/ds_2023/r_4_2_cache/library/RSQLite/2.2.20/f18e203342ed6d703b606117839741d1/RSQLite	available
4.2.2	rstatix	0.7.1	2023-04-18T16:23:07Z	81e579c382ef4fcce8cc3dd787bec28e	C:/Users/jafa05/Documents/ds_2023/ds_2023/r_4_2_cache/library/rstatix/0.7.1/81e579c382ef4fcce8cc3dd787bec28e/rstatix	available
4.2.2	rstudioapi	0.14	2023-04-18T16:23:07Z	5d447820d7fd48b8ffc9342391d3ab69	C:/Users/jafa05/Documents/ds_2023/ds_2023/r_4_2_cache/library/rstudioapi/0.14/5d447820d7fd48b8ffc9342391d3ab69/rstudioapi	available
4.2.2	rtracklayer	1.58.0	2023-04-18T16:23:07Z	1875f8ed43d869dc3f46337d559ababe	C:/Users/jafa05/Documents/ds_2023/ds_2023/r_4_2_cache/library/rtracklayer/1.58.0/1875f8ed43d869dc3f46337d559ababe/rtracklayer	available
4.2.2	RUVSeq	1.32.0	2023-04-18T16:23:08Z	1aec3b0bf793dcf0c667461e7da5315d	C:/Users/jafa05/Documents/ds_2023/ds_2023/r_4_2_cache/library/RUVSeq/1.32.0/1aec3b0bf793dcf0c667461e7da5315d/RUVSeq	available
4.2.2	rversions	2.1.2	2023-04-18T16:23:08Z	176a62cbe7bfce9cbcfea00bac96ca5f	C:/Users/jafa05/Documents/ds_2023/ds_2023/r_4_2_cache/library/rversions/2.1.2/176a62cbe7bfce9cbcfea00bac96ca5f/rversions	available
4.2.2	rvest	1.0.3	2023-04-18T16:23:08Z	c9dec642ea2109aa05a205dc374a8c3c	C:/Users/jafa05/Documents/ds_2023/ds_2023/r_4_2_cache/library/rvest/1.0.3/c9dec642ea2109aa05a205dc374a8c3c/rvest	available
4.2.2	S4Vectors	0.36.1	2023-04-18T16:23:08Z	286a75d1a1058d043c5292e2bbb1fdba	C:/Users/jafa05/Documents/ds_2023/ds_2023/r_4_2_cache/library/S4Vectors/0.36.1/286a75d1a1058d043c5292e2bbb1fdba/S4Vectors	available
4.2.2	sass	0.4.4	2023-04-18T16:23:08Z	fe6e6dae206c70c5b40ac709c46e00ed	C:/Users/jafa05/Documents/ds_2023/ds_2023/r_4_2_cache/library/sass/0.4.4/fe6e6dae206c70c5b40ac709c46e00ed/sass	available
4.2.2	scales	1.2.1	2023-04-18T16:23:09Z	7c79866002ca50d5603d25d3fddccc50	C:/Users/jafa05/Documents/ds_2023/ds_2023/r_4_2_cache/library/scales/1.2.1/7c79866002ca50d5603d25d3fddccc50/scales	available
4.2.2	selectr	0.4.2	2023-04-18T16:23:09Z	9da21708965baad97f55ad81faca05b9	C:/Users/jafa05/Documents/ds_2023/ds_2023/r_4_2_cache/library/selectr/0.4-2/9da21708965baad97f55ad81faca05b9/selectr	available
4.2.2	sessioninfo	1.2.2	2023-04-18T16:23:09Z	60b4dc147b00b5829381b89790a9d904	C:/Users/jafa05/Documents/ds_2023/ds_2023/r_4_2_cache/library/sessioninfo/1.2.2/60b4dc147b00b5829381b89790a9d904/sessioninfo	available
4.2.2	shiny	1.7.4	2023-04-18T16:23:10Z	eedd0b17d6745afa3ab62b39e5eb525c	C:/Users/jafa05/Documents/ds_2023/ds_2023/r_4_2_cache/library/shiny/1.7.4/eedd0b17d6745afa3ab62b39e5eb525c/shiny	available
4.2.2	ShortRead	1.56.1	2023-04-18T16:23:11Z	df79c938138a187d19e12d2726d30978	C:/Users/jafa05/Documents/ds_2023/ds_2023/r_4_2_cache/library/ShortRead/1.56.1/df79c938138a187d19e12d2726d30978/ShortRead	available
4.2.2	snow	0.4.4	2023-04-18T16:23:11Z	dff51f2f5c5c45402b6cf1e4e4ff0a40	C:/Users/jafa05/Documents/ds_2023/ds_2023/r_4_2_cache/library/snow/0.4-4/dff51f2f5c5c45402b6cf1e4e4ff0a40/snow	available
4.2.2	sourcetools	0.1.7	2023-04-18T16:23:11Z	622eeb9be857f15d4dfecad7a32bda17	C:/Users/jafa05/Documents/ds_2023/ds_2023/r_4_2_cache/library/sourcetools/0.1.7/622eeb9be857f15d4dfecad7a32bda17/sourcetools	available
4.2.2	SparseM	1.81	2023-04-18T16:23:12Z	aabfb450bf7a95ff3d0e53632d5931dd	C:/Users/jafa05/Documents/ds_2023/ds_2023/r_4_2_cache/library/SparseM/1.81/aabfb450bf7a95ff3d0e53632d5931dd/SparseM	available
4.2.2	spatial	7.3.15	2023-04-18T16:23:12Z	df368d06da3157bbc8e5918dc978f292	C:/Users/jafa05/Documents/ds_2023/ds_2023/r_4_2_cache/library/spatial/7.3-15/df368d06da3157bbc8e5918dc978f292/spatial	available
4.2.2	splines	4.2.2	2023-04-18T16:23:12Z	598e75d8837099b83c403820f8ff3733	C:/Users/jafa05/Documents/ds_2023/ds_2023/r_4_2_cache/library/splines/4.2.2/598e75d8837099b83c403820f8ff3733/splines	base
4.2.2	SQUAREM	2021.1	2023-04-18T16:23:12Z	26c8948296abbd4516e50a1a82abfbed	C:/Users/jafa05/Documents/ds_2023/ds_2023/r_4_2_cache/library/SQUAREM/2021.1/26c8948296abbd4516e50a1a82abfbed/SQUAREM	available
4.2.2	stats	4.2.2	2023-04-18T16:23:13Z	89c6f3053ad37d124b63d294a11107a8	C:/Users/jafa05/Documents/ds_2023/ds_2023/r_4_2_cache/library/stats/4.2.2/89c6f3053ad37d124b63d294a11107a8/stats	base
4.2.2	stats4	4.2.2	2023-04-18T16:23:13Z	6fadbdfd43dbb5327c10454de0dc50e4	C:/Users/jafa05/Documents/ds_2023/ds_2023/r_4_2_cache/library/stats4/4.2.2/6fadbdfd43dbb5327c10454de0dc50e4/stats4	base
4.2.2	stringi	1.7.8	2023-04-18T16:23:13Z	a795ead873b1da0125ec5671ca820343	C:/Users/jafa05/Documents/ds_2023/ds_2023/r_4_2_cache/library/stringi/1.7.8/a795ead873b1da0125ec5671ca820343/stringi	available
4.2.2	stringr	1.5.0	2023-04-18T16:23:13Z	bddc988bdcfb1a0c9f8d728ca0173433	C:/Users/jafa05/Documents/ds_2023/ds_2023/r_4_2_cache/library/stringr/1.5.0/bddc988bdcfb1a0c9f8d728ca0173433/stringr	available
4.2.2	SummarizedExperiment	1.28.0	2023-04-18T16:23:14Z	598463fcb2842c0f3e80db74888414ca	C:/Users/jafa05/Documents/ds_2023/ds_2023/r_4_2_cache/library/SummarizedExperiment/1.28.0/598463fcb2842c0f3e80db74888414ca/SummarizedExperiment	available
4.2.2	survival	3.4.0	2023-04-18T16:23:14Z	53d40c8a823a584ba9e2951f98bc67e5	C:/Users/jafa05/Documents/ds_2023/ds_2023/r_4_2_cache/library/survival/3.4-0/53d40c8a823a584ba9e2951f98bc67e5/survival	available
4.2.2	sva	3.46.0	2023-04-18T16:23:15Z	28ce5cf671171e1fba35972deacbbd2e	C:/Users/jafa05/Documents/ds_2023/ds_2023/r_4_2_cache/library/sva/3.46.0/28ce5cf671171e1fba35972deacbbd2e/sva	available
4.2.2	sys	3.4.1	2023-04-18T16:23:15Z	84b7495160a21dec784765740275d589	C:/Users/jafa05/Documents/ds_2023/ds_2023/r_4_2_cache/library/sys/3.4.1/84b7495160a21dec784765740275d589/sys	available
4.2.2	systemfonts	1.0.4	2023-04-18T16:23:15Z	88ed4966ebd55369e6296b64b1529868	C:/Users/jafa05/Documents/ds_2023/ds_2023/r_4_2_cache/library/systemfonts/1.0.4/88ed4966ebd55369e6296b64b1529868/systemfonts	available
4.2.2	tcltk	4.2.2	2023-04-18T16:23:16Z	5514435bcf06111c40cf12045954ed59	C:/Users/jafa05/Documents/ds_2023/ds_2023/r_4_2_cache/library/tcltk/4.2.2/5514435bcf06111c40cf12045954ed59/tcltk	base
4.2.2	testthat	3.1.6	2023-04-18T16:23:16Z	141d54517533d5f816537304ddc51865	C:/Users/jafa05/Documents/ds_2023/ds_2023/r_4_2_cache/library/testthat/3.1.6/141d54517533d5f816537304ddc51865/testthat	available
4.2.2	textshaping	0.3.6	2023-04-18T16:23:16Z	77d438fbea7505332c82fbceee19f5b0	C:/Users/jafa05/Documents/ds_2023/ds_2023/r_4_2_cache/library/textshaping/0.3.6/77d438fbea7505332c82fbceee19f5b0/textshaping	available
4.2.2	tibble	3.1.8	2023-04-18T16:23:16Z	d21c2c6d41cd268182b15f4d87d8c66d	C:/Users/jafa05/Documents/ds_2023/ds_2023/r_4_2_cache/library/tibble/3.1.8/d21c2c6d41cd268182b15f4d87d8c66d/tibble	available
4.2.2	tidyr	1.2.1	2023-04-18T16:23:17Z	23e0396d795ecc55ea5397516542ebe6	C:/Users/jafa05/Documents/ds_2023/ds_2023/r_4_2_cache/library/tidyr/1.2.1/23e0396d795ecc55ea5397516542ebe6/tidyr	available
4.2.2	tidyselect	1.2.0	2023-04-18T16:23:17Z	e0bb267b3e47feea999e5221634c4443	C:/Users/jafa05/Documents/ds_2023/ds_2023/r_4_2_cache/library/tidyselect/1.2.0/e0bb267b3e47feea999e5221634c4443/tidyselect	available
4.2.2	tidyverse	1.3.2	2023-04-18T16:23:17Z	11afbcb4de6d8589fd0964d101310817	C:/Users/jafa05/Documents/ds_2023/ds_2023/r_4_2_cache/library/tidyverse/1.3.2/11afbcb4de6d8589fd0964d101310817/tidyverse	active
4.2.2	timechange	0.1.1	2023-04-18T16:23:17Z	7d6ee4e4711eacb324290a4edfbd1a15	C:/Users/jafa05/Documents/ds_2023/ds_2023/r_4_2_cache/library/timechange/0.1.1/7d6ee4e4711eacb324290a4edfbd1a15/timechange	available
4.2.2	tinytex	0.43	2023-04-18T16:23:18Z	bff7d3beaada88a77be6aa81e8f1b95e	C:/Users/jafa05/Documents/ds_2023/ds_2023/r_4_2_cache/library/tinytex/0.43/bff7d3beaada88a77be6aa81e8f1b95e/tinytex	available
4.2.2	tools	4.2.2	2023-04-18T16:23:18Z	452384157e2a8fa4c5fe76947aaa4444	C:/Users/jafa05/Documents/ds_2023/ds_2023/r_4_2_cache/library/tools/4.2.2/452384157e2a8fa4c5fe76947aaa4444/tools	base
4.2.2	translations	4.2.2	2023-04-18T16:23:18Z	8eeb69d848b2a91adcdbe5011ae4dd46	C:/Users/jafa05/Documents/ds_2023/ds_2023/r_4_2_cache/library/translations/4.2.2/8eeb69d848b2a91adcdbe5011ae4dd46/translations	available
4.2.2	truncnorm	1.0.8	2023-04-18T16:23:19Z	e4a3e7e1460b418fb895369ccf647ca3	C:/Users/jafa05/Documents/ds_2023/ds_2023/r_4_2_cache/library/truncnorm/1.0-8/e4a3e7e1460b418fb895369ccf647ca3/truncnorm	available
4.2.2	tximeta	1.16.0	2023-04-18T16:23:20Z	5d5cbfba0c1e65bb254673331eb31662	C:/Users/jafa05/Documents/ds_2023/ds_2023/r_4_2_cache/library/tximeta/1.16.0/5d5cbfba0c1e65bb254673331eb31662/tximeta	available
4.2.2	tximport	1.26.1	2023-04-18T16:23:20Z	4e031e8075eb4f0e2d0a7589e82fec08	C:/Users/jafa05/Documents/ds_2023/ds_2023/r_4_2_cache/library/tximport/1.26.1/4e031e8075eb4f0e2d0a7589e82fec08/tximport	available
4.2.2	tzdb	0.3.0	2023-04-18T16:23:20Z	15c5b1bd2d668367a6293eb0d7632ad7	C:/Users/jafa05/Documents/ds_2023/ds_2023/r_4_2_cache/library/tzdb/0.3.0/15c5b1bd2d668367a6293eb0d7632ad7/tzdb	available
4.2.2	urlchecker	1.0.1	2023-04-18T16:23:20Z	a9f7d11307f7c48fbbda55a747ec0d56	C:/Users/jafa05/Documents/ds_2023/ds_2023/r_4_2_cache/library/urlchecker/1.0.1/a9f7d11307f7c48fbbda55a747ec0d56/urlchecker	available
4.2.2	usethis	2.1.6	2023-04-18T16:23:20Z	f02e54da256defd03dc2fe7464e463a7	C:/Users/jafa05/Documents/ds_2023/ds_2023/r_4_2_cache/library/usethis/2.1.6/f02e54da256defd03dc2fe7464e463a7/usethis	active
4.2.2	utf8	1.2.2	2023-04-18T16:23:21Z	dc276b9475afd7b05122d30b6a95f1c2	C:/Users/jafa05/Documents/ds_2023/ds_2023/r_4_2_cache/library/utf8/1.2.2/dc276b9475afd7b05122d30b6a95f1c2/utf8	available
4.2.2	utils	4.2.2	2023-04-18T16:23:21Z	0e3cc28057000a255f537c40ba53563f	C:/Users/jafa05/Documents/ds_2023/ds_2023/r_4_2_cache/library/utils/4.2.2/0e3cc28057000a255f537c40ba53563f/utils	base
4.2.2	uuid	1.1.0	2023-04-18T16:23:21Z	3607a46e90dabd8a0bd70707249df435	C:/Users/jafa05/Documents/ds_2023/ds_2023/r_4_2_cache/library/uuid/1.1-0/3607a46e90dabd8a0bd70707249df435/uuid	available
4.2.2	VariantAnnotation	1.44.0	2023-04-18T16:23:21Z	4f6f03112c050b66978b74da34b74cf2	C:/Users/jafa05/Documents/ds_2023/ds_2023/r_4_2_cache/library/VariantAnnotation/1.44.0/4f6f03112c050b66978b74da34b74cf2/VariantAnnotation	available
4.2.2	vctrs	0.5.1	2023-04-18T16:23:22Z	28588fba44dc7b3ef855cd0f6f629efb	C:/Users/jafa05/Documents/ds_2023/ds_2023/r_4_2_cache/library/vctrs/0.5.1/28588fba44dc7b3ef855cd0f6f629efb/vctrs	available
4.2.2	VennDiagram	1.7.3	2023-04-18T16:23:22Z	3e24bfc3b43abd5b0c276db37ac6e687	C:/Users/jafa05/Documents/ds_2023/ds_2023/r_4_2_cache/library/VennDiagram/1.7.3/3e24bfc3b43abd5b0c276db37ac6e687/VennDiagram	available
4.2.2	vipor	0.4.5	2023-04-18T16:23:22Z	3f4242785e9945beeed332753a39e3ae	C:/Users/jafa05/Documents/ds_2023/ds_2023/r_4_2_cache/library/vipor/0.4.5/3f4242785e9945beeed332753a39e3ae/vipor	available
4.2.2	viridis	0.6.2	2023-04-18T16:23:22Z	419e5fbbb889f64e2688d1e0b847510d	C:/Users/jafa05/Documents/ds_2023/ds_2023/r_4_2_cache/library/viridis/0.6.2/419e5fbbb889f64e2688d1e0b847510d/viridis	available
4.2.2	viridisLite	0.4.1	2023-04-18T16:23:23Z	a907072a789154ad89911b88e58523a2	C:/Users/jafa05/Documents/ds_2023/ds_2023/r_4_2_cache/library/viridisLite/0.4.1/a907072a789154ad89911b88e58523a2/viridisLite	available
4.2.2	vroom	1.6.0	2023-04-18T16:23:23Z	285fcc9fc229585b165ce407443275b1	C:/Users/jafa05/Documents/ds_2023/ds_2023/r_4_2_cache/library/vroom/1.6.0/285fcc9fc229585b165ce407443275b1/vroom	available
4.2.2	vsn	3.66.0	2023-04-18T16:23:23Z	58eafe9fe1bb33e1d6cc9fd98b73a638	C:/Users/jafa05/Documents/ds_2023/ds_2023/r_4_2_cache/library/vsn/3.66.0/58eafe9fe1bb33e1d6cc9fd98b73a638/vsn	available
4.2.2	waldo	0.4.0	2023-04-18T16:23:24Z	5ef03064c8bfc1422e63c62929ec4118	C:/Users/jafa05/Documents/ds_2023/ds_2023/r_4_2_cache/library/waldo/0.4.0/5ef03064c8bfc1422e63c62929ec4118/waldo	available
4.2.2	whisker	0.4.1	2023-04-18T16:23:24Z	12b3830b5c3b453945143bf1dd37589c	C:/Users/jafa05/Documents/ds_2023/ds_2023/r_4_2_cache/library/whisker/0.4.1/12b3830b5c3b453945143bf1dd37589c/whisker	available
4.2.2	withr	2.5.0	2023-04-18T16:23:24Z	55a6ca25761609ec42f358f8b6a838a3	C:/Users/jafa05/Documents/ds_2023/ds_2023/r_4_2_cache/library/withr/2.5.0/55a6ca25761609ec42f358f8b6a838a3/withr	available
4.2.2	xfun	0.35	2023-04-18T16:23:24Z	34d2e9cf639938c2af39f7f4ad1a0739	C:/Users/jafa05/Documents/ds_2023/ds_2023/r_4_2_cache/library/xfun/0.35/34d2e9cf639938c2af39f7f4ad1a0739/xfun	available
4.2.2	XML	3.99.0.13	2023-04-18T16:23:24Z	8a896be9c133102264869c078073f8fa	C:/Users/jafa05/Documents/ds_2023/ds_2023/r_4_2_cache/library/XML/3.99-0.13/8a896be9c133102264869c078073f8fa/XML	available
4.2.2	xml2	1.3.3	2023-04-18T16:23:25Z	d8877057846ff31a16b3988533f7ff5b	C:/Users/jafa05/Documents/ds_2023/ds_2023/r_4_2_cache/library/xml2/1.3.3/d8877057846ff31a16b3988533f7ff5b/xml2	available
4.2.2	xopen	1.0.0	2023-04-18T16:23:25Z	ee4e3c30c3ed65dab78c00fb7529c498	C:/Users/jafa05/Documents/ds_2023/ds_2023/r_4_2_cache/library/xopen/1.0.0/ee4e3c30c3ed65dab78c00fb7529c498/xopen	available
4.2.2	xtable	1.8.4	2023-04-18T16:23:25Z	2c608758284aa58fe5099732fcf702c2	C:/Users/jafa05/Documents/ds_2023/ds_2023/r_4_2_cache/library/xtable/1.8-4/2c608758284aa58fe5099732fcf702c2/xtable	available
4.2.2	XVector	0.38.0	2023-04-18T16:23:26Z	0d688dcdf6d563378a62985cc2b13c6c	C:/Users/jafa05/Documents/ds_2023/ds_2023/r_4_2_cache/library/XVector/0.38.0/0d688dcdf6d563378a62985cc2b13c6c/XVector	available
4.2.2	yaml	2.3.6	2023-04-18T16:23:26Z	3ec5183ef47471004b9ebf31925d0663	C:/Users/jafa05/Documents/ds_2023/ds_2023/r_4_2_cache/library/yaml/2.3.6/3ec5183ef47471004b9ebf31925d0663/yaml	available
4.2.2	zip	2.2.2	2023-04-18T16:23:26Z	8caa445fcca7517016a70f41195735e9	C:/Users/jafa05/Documents/ds_2023/ds_2023/r_4_2_cache/library/zip/2.2.2/8caa445fcca7517016a70f41195735e9/zip	available
4.2.2	zlibbioc	1.44.0	2023-04-18T16:23:26Z	953fb837eed23958b5466e653f089772	C:/Users/jafa05/Documents/ds_2023/ds_2023/r_4_2_cache/library/zlibbioc/1.44.0/953fb837eed23958b5466e653f089772/zlibbioc	available
